SequenceID,Sequence,PositiveProbability,PredictedLabel
>XP_020671682.1|pos_19,RSDNLAFAARRCFRNSKIQTFSSRSFISTAADP,0.028193995356559753,0
>XP_020671682.1|pos_49,ADPTAGERNDDDAQSSKPLADDLFRSPPRSGGY,0.07697919756174088,0
>XP_020671682.1|pos_186,LHHSLNPNLLTFNLILKSLCSPPSPSLPHALHL,2.390594636381138e-05,0
>XP_020671682.1|pos_279,TGDFRRAANLTRYMLLKGCTPTLATYNTLVHGL,0.009769915603101254,0
>XP_020671682.1|pos_333,LVPNEVTYGALVDGFVKLGCVVDAQRVFDVMRE,0.043547868728637695,0
>XP_020671682.1|pos_377,ALITGLFRSDCVEEALKLWAVMVSEGVKPNEVL,0.005720794200897217,0
>XP_020671682.1|pos_388,VEEALKLWAVMVSEGVKPNEVLYTVLVDGLSRH,0.09057905524969101,0
>XP_020671682.1|pos_406,NEVLYTVLVDGLSRHGKVAEAENVIAKMAAEGC,0.3332059979438782,0
>XP_020671682.1|pos_416,GLSRHGKVAEAENVIAKMAAEGCNPNVRTFSAL,0.056013476103544235,0
>XP_020671682.1|pos_451,GYFRAGNSHQALATWSKLVRHGCEPNKVSYSIL,0.0623265877366066,0
>XP_020671682.1|pos_461,ALATWSKLVRHGCEPNKVSYSILINGLCEEGKV,0.012281191535294056,0
>XP_020671682.1|pos_476,NKVSYSILINGLCEEGKVKEGMMVWKNMISRGC,0.015070759691298008,0
>XP_020671682.1|pos_478,VSYSILINGLCEEGKVKEGMMVWKNMISRGCTP,0.44664454460144043,0
>XP_020671682.1|pos_485,NGLCEEGKVKEGMMVWKNMISRGCTPDLMAYTA,0.10947518050670624,0
>XP_020671682.1|pos_544,GEPDAVAYNALFDGLIKADRLIQAVDLLGSMVE,0.04522464796900749,0
>XP_020671682.1|pos_575,VERDCDPDEVTCNIFLKGLRWDEEKGRNLMEGM,0.013823769055306911,0
>XP_020671682.1|pos_583,EVTCNIFLKGLRWDEEKGRNLMEGMIVRMVKRG,0.1848936527967453,0
>XP_020671682.1|pos_597,EEKGRNLMEGMIVRMVKRGRINGAADIVLVMCK,0.023458408191800117,0
>XP_020671682.1|pos_613,KRGRINGAADIVLVMCKKYMSPKSTIWEKVVSM,0.1449841409921646,0
>XP_020671682.1|pos_614,RGRINGAADIVLVMCKKYMSPKSTIWEKVVSMV,0.14754539728164673,0
>XP_020671682.1|pos_619,GAADIVLVMCKKYMSPKSTIWEKVVSMVCNMKE,0.18658894300460815,0
>XP_020671682.1|pos_625,LVMCKKYMSPKSTIWEKVVSMVCNMKEVRGEID,0.030083030462265015,0
>XP_020671682.1|pos_634,PKSTIWEKVVSMVCNMKEVRGEIDKTLGEISCE,0.4557337164878845,0
>XP_020671682.1|pos_642,VVSMVCNMKEVRGEIDKTLGEISCENDLXXXXX,0.35403406620025635,0
>XP_020671684.1|pos_19,RSDNLAFAARRCFRNSKIQTFSSRSFISTAADP,0.028193995356559753,0
>XP_020671684.1|pos_49,ADPTAGERNDDDAQSSKPLADDLFRSPPRSGGY,0.07697919756174088,0
>XP_020671684.1|pos_186,LHHSLNPNLLTFNLILKSLCSPPSPSLPHALHL,2.390594636381138e-05,0
>XP_020671684.1|pos_279,TGDFRRAANLTRYMLLKGCTPTLATYNTLVHGL,0.009769915603101254,0
>XP_020671684.1|pos_333,LVPNEVTYGALVDGFVKLGCVVDAQRVFDVMRE,0.043547868728637695,0
>XP_020671684.1|pos_377,ALITGLFRSDCVEEALKLWAVMVSEGVKPNEVL,0.005720794200897217,0
>XP_020671684.1|pos_388,VEEALKLWAVMVSEGVKPNEVLYTVLVDGLSRH,0.09057905524969101,0
>XP_020671684.1|pos_406,NEVLYTVLVDGLSRHGKVAEAENVIAKMAAEGC,0.3332059979438782,0
>XP_020671684.1|pos_416,GLSRHGKVAEAENVIAKMAAEGCNPNVRTFSAL,0.056013476103544235,0
>XP_020671684.1|pos_451,GYFRAGNSHQALATWSKLVRHGCEPNKVSYSIL,0.0623265877366066,0
>XP_020671684.1|pos_461,ALATWSKLVRHGCEPNKVSYSILINGLCEEGKV,0.012281191535294056,0
>XP_020671684.1|pos_476,NKVSYSILINGLCEEGKVKEGMMVWKNMISRGC,0.015070759691298008,0
>XP_020671684.1|pos_478,VSYSILINGLCEEGKVKEGMMVWKNMISRGCTP,0.44664454460144043,0
>XP_020671684.1|pos_485,NGLCEEGKVKEGMMVWKNMISRGCTPDLMAYTA,0.10947518050670624,0
>XP_020671684.1|pos_544,GEPDAVAYNALFDGLIKADRLIQAVDLLGSMVE,0.04522464796900749,0
>XP_020671684.1|pos_575,VERDCDPDEVTCNIFLKGLRWDEEKGRNLMEGM,0.013823769055306911,0
>XP_020671684.1|pos_583,EVTCNIFLKGLRWDEEKGRNLMEGMIVRMVKRG,0.1848936527967453,0
>XP_020671684.1|pos_597,EEKGRNLMEGMIVRMVKRGRINGAADIVLVMCK,0.023458408191800117,0
>XP_020671684.1|pos_613,KRGRINGAADIVLVMCKKYMSPKSTIWEKVVSM,0.1449841409921646,0
>XP_020671684.1|pos_614,RGRINGAADIVLVMCKKYMSPKSTIWEKVVSMV,0.14754539728164673,0
>XP_020671684.1|pos_619,GAADIVLVMCKKYMSPKSTIWEKVVSMVCNMKE,0.18658894300460815,0
>XP_020671684.1|pos_625,LVMCKKYMSPKSTIWEKVVSMVCNMKEVRGEID,0.030083030462265015,0
>XP_020671684.1|pos_634,PKSTIWEKVVSMVCNMKEVRGEIDKTLGEISCE,0.4557337164878845,0
>XP_020671684.1|pos_642,VVSMVCNMKEVRGEIDKTLGEISCENDLXXXXX,0.35403406620025635,0
>XP_020671685.2|pos_42,LEPLNLLPLNSASTSPKSPPSVLSLAAGDPKQR,0.00030968087958171964,0
>XP_020671685.2|pos_56,SPKSPPSVLSLAAGDPKQRALSAISLLKSETDP,0.06718772649765015,0
>XP_020671685.2|pos_67,AAGDPKQRALSAISLLKSETDPSSIINICRTAS,0.5279890894889832,1
>XP_020671685.2|pos_164,SLRSLNALLFACILSNKHPQAGEFFRDFPVSYR,0.011185359209775925,0
>XP_020671685.2|pos_182,PQAGEFFRDFPVSYRIKPNIVTYNTVIKAFCES,0.3423003852367401,0
>XP_020671685.2|pos_193,VSYRIKPNIVTYNTVIKAFCESGGSRTFYSYLD,0.0032487816642969847,0
>XP_020671685.2|pos_214,SGGSRTFYSYLDEMVRKGIKPNLTTFSISLSGF,0.025978729128837585,0
>XP_020671685.2|pos_217,SRTFYSYLDEMVRKGIKPNLTTFSISLSGFYRE,0.5330969095230103,1
>XP_020671685.2|pos_240,SISLSGFYREERFDDVKKVLWLMKKHGRHAGLS,0.9410567283630371,1
>XP_020671685.2|pos_241,ISLSGFYREERFDDVKKVLWLMKKHGRHAGLSI,0.616943895816803,1
>XP_020671685.2|pos_247,YREERFDDVKKVLWLMKKHGRHAGLSIYNIRIQ,0.6397744417190552,1
>XP_020671685.2|pos_248,REERFDDVKKVLWLMKKHGRHAGLSIYNIRIQS,0.4679017663002014,0
>XP_020671685.2|pos_267,RHAGLSIYNIRIQSLCKLGRPDEAKELLRDMRV,0.052317649126052856,0
>XP_020671685.2|pos_275,NIRIQSLCKLGRPDEAKELLRDMRVRRLEPNWV,0.883374035358429,1
>XP_020671685.2|pos_310,DHLVLGYCCRGNLEEAKRLFEEMGRRGLVPQSS,0.758233904838562,1
>XP_020671685.2|pos_337,LVPQSSCYFSLVHYLCKGGDFSSALAICRESME,0.0005485976580530405,0
>XP_020671685.2|pos_364,CRESMERNWVPRFSTMKVLVDGLVGASQVKEAR,0.12215612828731537,0
>XP_020671685.2|pos_377,STMKVLVDGLVGASQVKEAREIVEMVKGKFSWN,0.3100129961967468,0
>XP_020671685.2|pos_387,VGASQVKEAREIVEMVKGKFSWNVELWNKIEDS,0.04563872143626213,0
>XP_020671685.2|pos_389,ASQVKEAREIVEMVKGKFSWNVELWNKIEDSLP,0.0243533942848444,0
>XP_020671685.2|pos_399,VEMVKGKFSWNVELWNKIEDSLPMXXXXXXXXX,0.17570477724075317,0
>XP_020671686.2|pos_42,LEPLNLLPLNSASTSPKSPPSVLSLAAGDPKQR,0.00030968087958171964,0
>XP_020671686.2|pos_56,SPKSPPSVLSLAAGDPKQRALSAISLLKSETDP,0.06718772649765015,0
>XP_020671686.2|pos_67,AAGDPKQRALSAISLLKSETDPSSIINICRTAS,0.5279890894889832,1
>XP_020671686.2|pos_164,SLRSLNALLFACILSNKHPQAGEFFRDFPVSYR,0.011185359209775925,0
>XP_020671686.2|pos_182,PQAGEFFRDFPVSYRIKPNIVTYNTVIKAFCES,0.3423003852367401,0
>XP_020671686.2|pos_193,VSYRIKPNIVTYNTVIKAFCESGGSRTFYSYLD,0.0032487816642969847,0
>XP_020671686.2|pos_214,SGGSRTFYSYLDEMVRKGIKPNLTTFSISLSGF,0.025978729128837585,0
>XP_020671686.2|pos_217,SRTFYSYLDEMVRKGIKPNLTTFSISLSGFYRE,0.5330969095230103,1
>XP_020671686.2|pos_240,SISLSGFYREERFDDVKKVLWLMKKHGRHAGLS,0.9410567283630371,1
>XP_020671686.2|pos_241,ISLSGFYREERFDDVKKVLWLMKKHGRHAGLSI,0.616943895816803,1
>XP_020671686.2|pos_247,YREERFDDVKKVLWLMKKHGRHAGLSIYNIRIQ,0.6397744417190552,1
>XP_020671686.2|pos_248,REERFDDVKKVLWLMKKHGRHAGLSIYNIRIQS,0.4679017663002014,0
>XP_020671686.2|pos_267,RHAGLSIYNIRIQSLCKLGRPDEAKELLRDMRV,0.052317649126052856,0
>XP_020671686.2|pos_275,NIRIQSLCKLGRPDEAKELLRDMRVRRLEPNWV,0.883374035358429,1
>XP_020671686.2|pos_310,DHLVLGYCCRGNLEEAKRLFEEMGRRGLVPQSS,0.758233904838562,1
>XP_020671686.2|pos_337,LVPQSSCYFSLVHYLCKGGDFSSALAICRESME,0.0005485976580530405,0
>XP_020671686.2|pos_364,CRESMERNWVPRFSTMKVLVDGLVGASQVKEAR,0.12215614318847656,0
>XP_020671686.2|pos_377,STMKVLVDGLVGASQVKEAREIVEMVKGKFSWN,0.3100129961967468,0
>XP_020671686.2|pos_387,VGASQVKEAREIVEMVKGKFSWNVELWNKIEDS,0.04563872143626213,0
>XP_020671686.2|pos_389,ASQVKEAREIVEMVKGKFSWNVELWNKIEDSLP,0.0243533942848444,0
>XP_020671686.2|pos_399,VEMVKGKFSWNVELWNKIEDSLPMXXXXXXXXX,0.17570477724075317,0
>XP_020671687.1|pos_18,GSSLFFLALFALSAVAKADTSSGLTMNFYKESC,6.371407653205097e-05,0
>XP_020671687.1|pos_31,AVAKADTSSGLTMNFYKESCPQAEDIIREQVKL,0.5893865823745728,1
>XP_020671687.1|pos_46,YKESCPQAEDIIREQVKLLYKRHKNTAFSWIRN,0.13046836853027344,0
>XP_020671687.1|pos_50,CPQAEDIIREQVKLLYKRHKNTAFSWIRNIFHD,0.7441385388374329,1
>XP_020671687.1|pos_53,AEDIIREQVKLLYKRHKNTAFSWIRNIFHDCAV,0.30897313356399536,0
>XP_020671687.1|pos_83,CAVQSCDASLLLDSTRKTLSEKETDRSFGMRNF,0.06880398094654083,0
>XP_020671687.1|pos_88,CDASLLLDSTRKTLSEKETDRSFGMRNFRYLEE,0.8607667088508606,1
>XP_020671687.1|pos_106,TDRSFGMRNFRYLEEIKDAVERECPGVVSCADI,0.4424314796924591,0
>XP_020671687.1|pos_142,SARDGIVAAGGPTIALKTGRRDGRKSRAEVVEK,0.971034049987793,1
>XP_020671687.1|pos_150,AGGPTIALKTGRRDGRKSRAEVVEKFLPDHNES,0.012354309670627117,0
>XP_020671687.1|pos_158,KTGRRDGRKSRAEVVEKFLPDHNESISSVLEKF,0.2616578936576843,0
>XP_020671687.1|pos_173,EKFLPDHNESISSVLEKFGAMGIDIAGVVALLG,0.001762707601301372,0
>XP_020671687.1|pos_200,VVALLGAHSVGRTHCVKLVHRLYPEVDPALNPD,0.7960819602012634,1
>XP_020671687.1|pos_223,PEVDPALNPDHVPHMLKKCYDPIPDPKAVQYVR,0.7367063164710999,1
>XP_020671687.1|pos_224,EVDPALNPDHVPHMLKKCYDPIPDPKAVQYVRN,0.9075967073440552,1
>XP_020671687.1|pos_233,HVPHMLKKCYDPIPDPKAVQYVRNDRGTPMKLD,0.07478263974189758,0
>XP_020671687.1|pos_247,DPKAVQYVRNDRGTPMKLDNNYYRNILDNKGLL,0.9458745718002319,1
>XP_020671687.1|pos_260,TPMKLDNNYYRNILDNKGLLMVDHELAHDPRTR,0.08843733370304108,0
>XP_020671687.1|pos_280,MVDHELAHDPRTRPYVKKMAKSQDYFFEHFARA,0.9927472472190857,1
>XP_020671687.1|pos_281,VDHELAHDPRTRPYVKKMAKSQDYFFEHFARAI,0.9549782276153564,1
>XP_020671687.1|pos_284,ELAHDPRTRPYVKKMAKSQDYFFEHFARAITLL,0.9460633993148804,1
>XP_020671687.1|pos_322,LTGENGEIRRHCNLSNKNHYDEXXXXXXXXXXX,0.9788351058959961,1
>XP_020671688.1|pos_26,VGILIFLALERIVHFCKWFHVQWVLKGLPKMQY,0.004902036394923925,0
>XP_020671688.1|pos_35,ERIVHFCKWFHVQWVLKGLPKMQYEEEEGEGEE,0.06017995998263359,0
>XP_020671688.1|pos_39,HFCKWFHVQWVLKGLPKMQYEEEEGEGEEEEEK,0.023493103682994843,0
>XP_020671688.1|pos_55,KMQYEEEEGEGEEEEEKQWGDVSSCVICLEKFK,0.0088094687089324,0
>XP_020671688.1|pos_69,EEKQWGDVSSCVICLEKFKDGELCRLLPACRHC,0.018215009942650795,0
>XP_020671688.1|pos_71,KQWGDVSSCVICLEKFKDGELCRLLPACRHCFH,0.617447018623352,1
>XP_020671688.1|pos_97,ACRHCFHMLCIDAWLLKNLTCPLCRTNVTEKSK,0.009306824766099453,0
>XP_020671688.1|pos_111,LLKNLTCPLCRTNVTEKSKFSDVIVXXXXXXXX,0.39605623483657837,0
>XP_020671688.1|pos_113,KNLTCPLCRTNVTEKSKFSDVIVXXXXXXXXXX,0.5125061273574829,1
>XP_020671689.1|pos_2,XXXXXXXXXXXXXXXMKRENMDGVARGGIVRNV,0.7339510321617126,1
>XP_020671689.1|pos_30,IVRNVAPAPARMAMMGKAKMMGFDEETEDEHLA,0.03776964545249939,0
>XP_020671689.1|pos_32,RNVAPAPARMAMMGKAKMMGFDEETEDEHLAVL,0.10292114317417145,0
>XP_020671689.1|pos_51,GFDEETEDEHLAVLGYKVRSSDMEIVAQKLQQL,0.03945627808570862,0
>XP_020671689.1|pos_63,VLGYKVRSSDMEIVAQKLQQLEMAMGGGAPQDD,0.04945913329720497,0
>XP_020671689.1|pos_202,VYGSETQMENTGPRDRKRMKTSSSSSTSRGGSG,0.0006510559469461441,0
>XP_020671689.1|pos_205,SETQMENTGPRDRKRMKTSSSSSTSRGGSGGVI,0.014238283969461918,0
>XP_020671689.1|pos_275,VHALMACAEAVQQENYKASDILVKQISMLASSQ,0.0243519376963377,0
>XP_020671689.1|pos_282,AEAVQQENYKASDILVKQISMLASSQGGAMRKV,0.0045870705507695675,0
>XP_020671689.1|pos_297,VKQISMLASSQGGAMRKVAGYFAEALARRIYCL,0.09847941994667053,0
>XP_020671689.1|pos_341,FSDILQMHFYESCPYLKFAHFTANQAILEAFAG,0.0032948751468211412,0
>XP_020671689.1|pos_369,EAFAGYRRVHVIDFSMKQGMQWPALMQALALRP,0.08166894316673279,0
>XP_020671689.1|pos_413,GPPQPDNTDALQQVGWKLAQLADTIHVDFEYRG,0.10550020635128021,0
>XP_020671689.1|pos_479,SVFELHGLLARPGALEKVLGTVRALKPRIVTIV,0.9089292287826538,1
>XP_020671689.1|pos_488,ARPGALEKVLGTVRALKPRIVTIVEQDANHNAG,0.9400702714920044,1
>XP_020671689.1|pos_588,MRDADFEPVHLGSNAFKQASMLLALFAGGDGYR,0.04811687394976616,0
>XP_020671689.1|pos_608,MLLALFAGGDGYRVEEKDGCLTLGWHTRPLIAT,0.17490170896053314,0
>XP_020671691.1|pos_4,XXXXXXXXXXXXXMHWKSKGGAFGELQARNVVS,0.5909959077835083,1
>XP_020671691.1|pos_6,XXXXXXXXXXXMHWKSKGGAFGELQARNVVSAK,0.9215209484100342,1
>XP_020671691.1|pos_22,KGGAFGELQARNVVSAKWTLMLCILCFCAGLLF,0.00039527119952254,0
>XP_020671691.1|pos_63,EPQDAIIPSRNQDYTTKLAGGCNSKTINEDRDH,0.1279567927122116,0
>XP_020671691.1|pos_71,SRNQDYTTKLAGGCNSKTINEDRDHKEMLGEAS,0.04290164262056351,0
>XP_020671691.1|pos_80,LAGGCNSKTINEDRDHKEMLGEASKANYAIHTL,0.8816696405410767,1
>XP_020671691.1|pos_88,TINEDRDHKEMLGEASKANYAIHTLDKTIENLE,0.11226430535316467,0
>XP_020671691.1|pos_98,MLGEASKANYAIHTLDKTIENLEMELGAARAAQ,0.38813433051109314,0
>XP_020671691.1|pos_128,AAQESIINGSPLSDDLKDMSTGVRRKYLMVVGV,0.5278905034065247,1
>XP_020671691.1|pos_137,SPLSDDLKDMSTGVRRKYLMVVGVNTAFSSRKR,0.19571129977703094,0
>XP_020671691.1|pos_152,RKYLMVVGVNTAFSSRKRRDSVRSTWMPQGVKR,0.10731266438961029,0
>XP_020671691.1|pos_167,RKRRDSVRSTWMPQGVKRRKLEEEKGIIIRFVI,0.014594526030123234,0
>XP_020671691.1|pos_170,RDSVRSTWMPQGVKRRKLEEEKGIIIRFVIGHG,0.6459614038467407,1
>XP_020671691.1|pos_175,STWMPQGVKRRKLEEEKGIIIRFVIGHGATPGG,0.6688956022262573,1
>XP_020671691.1|pos_195,IRFVIGHGATPGGILDKAIEAEDRKHGDFLRLD,0.9538598656654358,1
>XP_020671691.1|pos_203,ATPGGILDKAIEAEDRKHGDFLRLDHVEGYLEL,0.9882593154907227,1
>XP_020671691.1|pos_222,DFLRLDHVEGYLELSGKTKAYFSTAVSIWDAEF,0.04831518232822418,0
>XP_020671691.1|pos_224,LRLDHVEGYLELSGKTKAYFSTAVSIWDAEFYV,0.0030822250992059708,0
>XP_020671691.1|pos_241,AYFSTAVSIWDAEFYVKVDDDIHVNIATLGATL,0.005933875683695078,0
>XP_020671691.1|pos_259,DDDIHVNIATLGATLSKHRSKHGVYIGCMKSGP,0.010828761383891106,0
>XP_020671691.1|pos_263,HVNIATLGATLSKHRSKHGVYIGCMKSGPVLAQ,0.4360026717185974,0
>XP_020671691.1|pos_272,TLSKHRSKHGVYIGCMKSGPVLAQHGVRYHEPE,0.14798623323440552,0
>XP_020671691.1|pos_291,PVLAQHGVRYHEPEYWKFGEYGNKYFRHATGQL,0.8780847787857056,1
>XP_020671691.1|pos_298,VRYHEPEYWKFGEYGNKYFRHATGQLYAISRDL,0.23913246393203735,0
>XP_020671691.1|pos_327,SRDLATYISINQHVLHKYANEDVSLGAWFIGLD,0.01175255049020052,0
>XP_020671691.1|pos_363,IDDRRLCCGTPPDCEWKAQAGNICVASFDWTCS,0.00020030431915074587,0
>XP_020671691.1|pos_389,SFDWTCSGICRSAERMKEVHRRCSEGENVLWKA,0.12921391427516937,0
>XP_020671691.1|pos_404,MKEVHRRCSEGENVLWKASFXXXXXXXXXXXXX,0.38688233494758606,0
>XP_020671692.1|pos_45,AYAFWLLYDIIAYLGRKIYARCVYNFVVKRWPS,0.0005190190859138966,0
>XP_020671692.1|pos_57,YLGRKIYARCVYNFVVKRWPSIRYDEEESGKQC,0.33492812514305115,0
>XP_020671692.1|pos_71,VVKRWPSIRYDEEESGKQCGKASSCAICLEKFN,0.24614973366260529,0
>XP_020671692.1|pos_75,WPSIRYDEEESGKQCGKASSCAICLEKFNDGEL,0.13557569682598114,0
>XP_020671692.1|pos_85,SGKQCGKASSCAICLEKFNDGELCRQLPACSHL,0.015364902094006538,0
>XP_020671692.1|pos_112,PACSHLFHIHCVDLWLKEKLTCPICRTAITNKA,0.007767409086227417,0
>XP_020671692.1|pos_114,CSHLFHIHCVDLWLKEKLTCPICRTAITNKAQV,0.0018111952813342214,0
>XP_020671692.1|pos_127,LKEKLTCPICRTAITNKAQVNDEIVXXXXXXXX,0.431110143661499,0
>XP_020671693.1|pos_15,XXMAGLAQDGSQFDGAKYDSKMHELLAPQDGQD,0.21198001503944397,0
>XP_020671693.1|pos_19,GLAQDGSQFDGAKYDSKMHELLAPQDGQDFFTS,0.164698526263237,0
>XP_020671693.1|pos_63,NLQENLLRGIYAYGFEKPSAIQQRGIVPFCMGL,0.7783710956573486,1
>XP_020671693.1|pos_91,FCMGLDVIQQAQSGTGKTATFCSGVLQQLDYGL,0.012730113230645657,0
>XP_020671693.1|pos_127,QALVLAPTRELAQQIEKVMRALGDYLGVKVHAC,0.8548660278320312,1
>XP_020671693.1|pos_139,QQIEKVMRALGDYLGVKVHACVGGTSVREDQRI,0.016049601137638092,0
>XP_020671693.1|pos_185,RVFDMLRRQSLRPDYIKMFVLDEADEMLSRGFK,0.37835457921028137,0
>XP_020671693.1|pos_201,KMFVLDEADEMLSRGFKDQIYDIFQLLPPKIQV,0.47966647148132324,0
>XP_020671693.1|pos_214,RGFKDQIYDIFQLLPPKIQVGVFSATMPPEALE,0.0004998439690098166,0
>XP_020671693.1|pos_234,GVFSATMPPEALEITRKFMSKPVRILVKRDELT,0.8123653531074524,1
>XP_020671693.1|pos_238,ATMPPEALEITRKFMSKPVRILVKRDELTLEGI,0.9898203611373901,1
>XP_020671693.1|pos_245,LEITRKFMSKPVRILVKRDELTLEGIKQFYVNI,0.6686892509460449,1
>XP_020671693.1|pos_255,PVRILVKRDELTLEGIKQFYVNIGKEEWKLETL,0.9641665816307068,1
>XP_020671693.1|pos_263,DELTLEGIKQFYVNIGKEEWKLETLCDLYETLA,0.2978751063346863,0
>XP_020671693.1|pos_267,LEGIKQFYVNIGKEEWKLETLCDLYETLAITQS,0.2377527952194214,0
>XP_020671693.1|pos_292,ETLAITQSVIFVNTRRKVDWLTDKLRSSDHTVS,0.9703511595726013,1
>XP_020671693.1|pos_299,SVIFVNTRRKVDWLTDKLRSSDHTVSATHGDMD,0.9122424125671387,1
>XP_020671693.1|pos_377,PENYLHRIGRSGRFGRKGVAINFVTQEDDRMLY,0.3765704333782196,0
>XP_020671694.1|pos_11,XXXXXXMDAQTVRQRSKDGFTRTDDRKTIHEKK,0.8005377650260925,1
>XP_020671694.1|pos_21,TVRQRSKDGFTRTDDRKTIHEKKHAKARRGLRS,0.17521297931671143,0
>XP_020671694.1|pos_26,SKDGFTRTDDRKTIHEKKHAKARRGLRSLAVAV,0.49954792857170105,0
>XP_020671694.1|pos_27,KDGFTRTDDRKTIHEKKHAKARRGLRSLAVAVA,0.44260314106941223,0
>XP_020671694.1|pos_30,FTRTDDRKTIHEKKHAKARRGLRSLAVAVALPL,0.06529814749956131,0
>XP_020671694.1|pos_62,LVLSLLSFSLSSPLQPKPDDTSHVWHPPAWTMN,0.0010759895667433739,0
>XP_020671695.1|pos_91,LYSYRQQQQRQYLTCLKLGKRQYCGRGGAAELE,0.015180841088294983,0
>XP_020671695.1|pos_94,YRQQQQRQYLTCLKLGKRQYCGRGGAAELEEST,0.03435980901122093,0
>XP_020671695.1|pos_113,YCGRGGAAELEESTATKRSAPTARALVPRCQVE,0.07552216202020645,0
>XP_020671695.1|pos_133,PTARALVPRCQVEGCNKALVDAKDYHKRHKVCE,0.2914577126502991,0
>XP_020671695.1|pos_139,VPRCQVEGCNKALVDAKDYHKRHKVCEMHSKAP,0.12154335528612137,0
>XP_020671695.1|pos_143,QVEGCNKALVDAKDYHKRHKVCEMHSKAPCVVV,0.30045613646507263,0
>XP_020671695.1|pos_146,GCNKALVDAKDYHKRHKVCEMHSKAPCVVVLGV,0.3164058029651642,0
>XP_020671695.1|pos_153,DAKDYHKRHKVCEMHSKAPCVVVLGVEQRFCQQ,0.00719045102596283,0
>XP_020671695.1|pos_183,CQQCSRFHIVAEFDDSKRSCRRRLAGHNERRRK,0.01722940057516098,0
>XP_020671695.1|pos_199,KRSCRRRLAGHNERRRKSSNGNPSLESTIMSTR,0.00042691497947089374,0
>XP_020671695.1|pos_265,AALRELIAENRATSFAKQLFSDRSSLPFMAQPS,0.681186854839325,1
>XP_020671695.1|pos_332,MQLPSSSVDQFLSGRNKSKDEDEECCEIWKSLE,0.008608749136328697,0
>XP_020671695.1|pos_334,LPSSSVDQFLSGRNKSKDEDEECCEIWKSLEAH,0.9251909255981445,1
>XP_020671695.1|pos_345,GRNKSKDEDEECCEIWKSLEAHVVXXXXXXXXX,0.05020049214363098,0
>XP_020671696.2|pos_13,XXXXMNSIAFWNCRGAKKREASLYLKEVIKDQG,0.017675675451755524,0
>XP_020671696.2|pos_14,XXXMNSIAFWNCRGAKKREASLYLKEVIKDQGI,0.22195905447006226,0
>XP_020671696.2|pos_22,FWNCRGAKKREASLYLKEVIKDQGILFVGLVET,0.252066045999527,0
>XP_020671696.2|pos_26,RGAKKREASLYLKEVIKDQGILFVGLVETKINA,0.7741073369979858,1
>XP_020671696.2|pos_39,EVIKDQGILFVGLVETKINAFDKVSFEKIMGAD,0.21005073189735413,0
>XP_020671696.2|pos_45,GILFVGLVETKINAFDKVSFEKIMGADWDFFLL,0.04438216984272003,0
>XP_020671696.2|pos_50,GLVETKINAFDKVSFEKIMGADWDFFLLPSDGF,0.03749331086874008,0
>XP_020671696.2|pos_85,GIMMLWRSDLASFSVLKEADQCIIGDLNVFNKG,0.01239968091249466,0
>XP_020671696.2|pos_100,LKEADQCIIGDLNVFNKGVWMIATIYGNKEVIK,0.0007250302587635815,0
>XP_020671696.2|pos_112,NVFNKGVWMIATIYGNKEVIKRRELWGSLHEVS,0.38703030347824097,0
>XP_020671696.2|pos_116,KGVWMIATIYGNKEVIKRRELWGSLHEVSNRKI,0.010434766300022602,0
>XP_020671696.2|pos_131,IKRRELWGSLHEVSNRKIPFIVGGDFNCILSQE,0.007428660523146391,0
>XP_020671696.2|pos_149,PFIVGGDFNCILSQEDKRGGRKFVFSQGPKEMA,0.013904672116041183,0
>XP_020671696.2|pos_154,GDFNCILSQEDKRGGRKFVFSQGPKEMADFLNV,0.5128263235092163,1
>XP_020671696.2|pos_162,QEDKRGGRKFVFSQGPKEMADFLNVNDLHYVGF,0.18079756200313568,0
>XP_020671696.2|pos_189,LHYVGFIGSRFTWCNNKLGGDRILERLDRNGML,0.017342526465654373,0
>XP_020671696.2|pos_206,LGGDRILERLDRNGMLKFEDVWISYKASSFIIA,0.20775948464870453,0
>XP_020671696.2|pos_215,LDRNGMLKFEDVWISYKASSFIIARVWRKEYQG,0.0034183317329734564,0
>XP_020671696.2|pos_227,WISYKASSFIIARVWRKEYQGSDMEILNKKCKK,0.1764097660779953,0
>XP_020671696.2|pos_239,RVWRKEYQGSDMEILNKKCKKALKELFYWSKAR,0.02381264977157116,0
>XP_020671696.2|pos_240,VWRKEYQGSDMEILNKKCKKALKELFYWSKARI,0.03291351720690727,0
>XP_020671696.2|pos_242,RKEYQGSDMEILNKKCKKALKELFYWSKARIRD,0.004661123733967543,0
>XP_020671696.2|pos_243,KEYQGSDMEILNKKCKKALKELFYWSKARIRDF,0.0894947350025177,0
>XP_020671696.2|pos_246,QGSDMEILNKKCKKALKELFYWSKARIRDFSLE,0.8755384087562561,1
>XP_020671696.2|pos_253,LNKKCKKALKELFYWSKARIRDFSLEKEKLKEE,0.020252352580428123,0
>XP_020671696.2|pos_263,ELFYWSKARIRDFSLEKEKLKEEISQIHEEEAS,0.47269371151924133,0
>XP_020671696.2|pos_265,FYWSKARIRDFSLEKEKLKEEISQIHEEEASVG,0.1961640566587448,0
>XP_020671696.2|pos_267,WSKARIRDFSLEKEKLKEEISQIHEEEASVGWL,0.5489687323570251,1
>XP_020671696.2|pos_287,SQIHEEEASVGWLTEEKLWMLRSKVKELNLVLS,0.045582015067338943,0
>XP_020671696.2|pos_294,ASVGWLTEEKLWMLRSKVKELNLVLSRLNTWWR,0.14577855169773102,0
>XP_020671696.2|pos_296,VGWLTEEKLWMLRSKVKELNLVLSRLNTWWRQR,0.595535159111023,1
>XP_020671696.2|pos_316,LVLSRLNTWWRQRANAKWIEEGDTNSKFFHSFA,0.047047801315784454,0
>XP_020671696.2|pos_326,RQRANAKWIEEGDTNSKFFHSFANTRRNGKRIS,0.3472479283809662,0
>XP_020671696.2|pos_339,TNSKFFHSFANTRRNGKRISQIKNDEGVLTEDP,0.01206765417009592,0
>XP_020671696.2|pos_345,HSFANTRRNGKRISQIKNDEGVLTEDPEELHKE,0.5112406611442566,1
>XP_020671696.2|pos_360,IKNDEGVLTEDPEELHKEFYNFFQNKWKKRSCC,0.010990383103489876,0
>XP_020671696.2|pos_369,EDPEELHKEFYNFFQNKWKKRSCCTVNWPNPLS,0.04411952942609787,0
>XP_020671696.2|pos_371,PEELHKEFYNFFQNKWKKRSCCTVNWPNPLSVL,0.0440085269510746,0
>XP_020671696.2|pos_372,EELHKEFYNFFQNKWKKRSCCTVNWPNPLSVLD,0.021659597754478455,0
>XP_020671696.2|pos_403,LDDVDRRRLEVQISDAKILEVIKRLDKNKAPGP,0.7204785943031311,1
>XP_020671696.2|pos_409,RRLEVQISDAKILEVIKRLDKNKAPGPDGIMYS,0.45061194896698,0
>XP_020671696.2|pos_413,VQISDAKILEVIKRLDKNKAPGPDGIMYSFIKN,0.04787697643041611,0
>XP_020671696.2|pos_415,ISDAKILEVIKRLDKNKAPGPDGIMYSFIKNYW,0.3061927258968353,0
>XP_020671696.2|pos_428,DKNKAPGPDGIMYSFIKNYWSIVGIDEGKDLGI,0.0004993622424080968,0
>XP_020671696.2|pos_440,YSFIKNYWSIVGIDEGKDLGIKVAARCQKIYNL,0.06920994073152542,0
>XP_020671696.2|pos_445,NYWSIVGIDEGKDLGIKVAARCQKIYNLLYADD,0.07316862791776657,0
>XP_020671696.2|pos_452,IDEGKDLGIKVAARCQKIYNLLYADDVLLLSDV,0.048216018825769424,0
>XP_020671696.2|pos_469,IYNLLYADDVLLLSDVKIKSIKKMNIILSNYCG,0.0009017577976919711,0
>XP_020671696.2|pos_471,NLLYADDVLLLSDVKIKSIKKMNIILSNYCGWT,0.0015328074805438519,0
>XP_020671696.2|pos_474,YADDVLLLSDVKIKSIKKMNIILSNYCGWTGQR,0.03320641070604324,0
>XP_020671696.2|pos_475,ADDVLLLSDVKIKSIKKMNIILSNYCGWTGQRL,0.10140062868595123,0
>XP_020671696.2|pos_494,IILSNYCGWTGQRLNLKKSAMVISKNVERRRKK,0.3844839036464691,0
>XP_020671696.2|pos_495,ILSNYCGWTGQRLNLKKSAMVISKNVERRRKKK,0.7668681144714355,1
>XP_020671696.2|pos_502,WTGQRLNLKKSAMVISKNVERRRKKKIAKILEI,0.24007393419742584,0
>XP_020671696.2|pos_509,LKKSAMVISKNVERRRKKKIAKILEIKVVEELE,0.005330346524715424,0
>XP_020671696.2|pos_510,KKSAMVISKNVERRRKKKIAKILEIKVVEELEY,0.0012139487080276012,0
>XP_020671696.2|pos_511,KSAMVISKNVERRRKKKIAKILEIKVVEELEYL,0.018235068768262863,0
>XP_020671696.2|pos_514,MVISKNVERRRKKKIAKILEIKVVEELEYLGTK,0.8754864931106567,1
>XP_020671696.2|pos_519,NVERRRKKKIAKILEIKVVEELEYLGTKLALRR,0.8329721689224243,1
>XP_020671696.2|pos_530,KILEIKVVEELEYLGTKLALRRLKKANFQFLLD,0.41440099477767944,0
>XP_020671696.2|pos_537,VEELEYLGTKLALRRLKKANFQFLLDKSLKILN,0.19346237182617188,0
>XP_020671696.2|pos_538,EELEYLGTKLALRRLKKANFQFLLDKSLKILNS,0.46706897020339966,0
>XP_020671696.2|pos_547,LALRRLKKANFQFLLDKSLKILNSWGNRYISLA,0.6526431441307068,1
>XP_020671696.2|pos_550,RRLKKANFQFLLDKSLKILNSWGNRYISLAGKL,0.0776905044913292,0
>XP_020671696.2|pos_565,LKILNSWGNRYISLAGKLVLANSIFCNLPLFLI,0.0014997606631368399,0
>XP_020671696.2|pos_596,LISHSLIPLSVLREFEKNCRNFIWNNQEGKHGL,0.005814430769532919,0
>XP_020671696.2|pos_609,EFEKNCRNFIWNNQEGKHGLHYLAWEDLCKPRT,0.0027917029801756144,0
>XP_020671696.2|pos_622,QEGKHGLHYLAWEDLCKPRTAGGWGLHSAISSV,0.011260146275162697,0
>XP_020671696.2|pos_644,GWGLHSAISSVETLRAKFSWNLVVNPNSLLNRN,0.0022293515503406525,0
>XP_020671696.2|pos_664,NLVVNPNSLLNRNLLVKYGEDWWKKDVIKGGSS,0.9231130480766296,1
>XP_020671696.2|pos_671,SLLNRNLLVKYGEDWWKKDVIKGGSSAWKIISS,0.6591480374336243,1
>XP_020671696.2|pos_672,LLNRNLLVKYGEDWWKKDVIKGGSSAWKIISSG,0.04751540347933769,0
>XP_020671696.2|pos_676,NLLVKYGEDWWKKDVIKGGSSAWKIISSGWNAM,0.11871864646673203,0
>XP_020671696.2|pos_683,EDWWKKDVIKGGSSAWKIISSGWNAMKNIIIWN,0.005354031920433044,0
>XP_020671696.2|pos_693,GGSSAWKIISSGWNAMKNIIIWNVVKGTHINVL,0.0037160906940698624,0
>XP_020671696.2|pos_702,SSGWNAMKNIIIWNVVKGTHINVLKDVWILDKC,0.015904942527413368,0
>XP_020671696.2|pos_710,NIIIWNVVKGTHINVLKDVWILDKCLLKWPTFV,0.006247946992516518,0
>XP_020671696.2|pos_717,VKGTHINVLKDVWILDKCLLKWPTFVVTFEDAN,0.11720950156450272,0
>XP_020671696.2|pos_721,HINVLKDVWILDKCLLKWPTFVVTFEDANITLD,0.002990640001371503,0
>XP_020671696.2|pos_749,NITLDSFILDGRWNLEKLLLFFGEDLVNVISNI,3.380823909537867e-05,0
>XP_020671696.2|pos_779,SNIQIHQDEEADFLDLKYKFSGKTIAALIKEDT,0.1540956348180771,0
>XP_020671696.2|pos_781,IQIHQDEEADFLDLKYKFSGKTIAALIKEDTVK,0.2522452473640442,0
>XP_020671696.2|pos_785,QDEEADFLDLKYKFSGKTIAALIKEDTVKMAGE,0.7765930891036987,1
>XP_020671696.2|pos_792,LDLKYKFSGKTIAALIKEDTVKMAGENLYLWIH,0.9627304077148438,1
>XP_020671696.2|pos_797,KFSGKTIAALIKEDTVKMAGENLYLWIHKLNLY,0.06133650988340378,0
>XP_020671696.2|pos_809,EDTVKMAGENLYLWIHKLNLYARVEVFIWRLCK,0.0005224070628173649,0
>XP_020671696.2|pos_825,KLNLYARVEVFIWRLCKNAIPTAEFLMRRRLSN,0.0036635762080550194,0
>XP_020671696.2|pos_864,GCGEVENVDHITSNCPKLIKVICILREWGFHVP,0.0006038503488525748,0
>XP_020671696.2|pos_867,EVENVDHITSNCPKLIKVICILREWGFHVPLFY,0.006261052563786507,0
>XP_020671696.2|pos_890,EWGFHVPLFYSFQQCMKELKVLSKKNPMMVKVY,0.02499530091881752,0
>XP_020671696.2|pos_893,FHVPLFYSFQQCMKELKVLSKKNPMMVKVYFNL,0.17310303449630737,0
>XP_020671696.2|pos_897,LFYSFQQCMKELKVLSKKNPMMVKVYFNLLWIS,0.042002465575933456,0
>XP_020671696.2|pos_898,FYSFQQCMKELKVLSKKNPMMVKVYFNLLWISW,0.02242257259786129,0
>XP_020671696.2|pos_904,CMKELKVLSKKNPMMVKVYFNLLWISWNDRNKT,0.0002846598217729479,0
>XP_020671696.2|pos_919,VKVYFNLLWISWNDRNKTKHGKKEDGETVLAAN,0.0015600408660247922,0
>XP_020671696.2|pos_921,VYFNLLWISWNDRNKTKHGKKEDGETVLAANVI,0.06307271122932434,0
>XP_020671696.2|pos_924,NLLWISWNDRNKTKHGKKEDGETVLAANVISLV,0.08610361814498901,0
>XP_020671696.2|pos_925,LLWISWNDRNKTKHGKKEDGETVLAANVISLVA,0.45537835359573364,0
>XP_020671696.2|pos_944,GETVLAANVISLVAMDKRHKVLSENWDAFQFTG,0.21027222275733948,0
>XP_020671696.2|pos_947,VLAANVISLVAMDKRHKVLSENWDAFQFTGLSK,0.1267419457435608,0
>XP_020671696.2|pos_963,KVLSENWDAFQFTGLSKDFASSTTRVIQDXXXX,0.6483281254768372,1
>XP_020671698.1|pos_14,XXXMLSFMRECDFHDTKFIGPNYTWCNNKTGKA,0.017578620463609695,0
>XP_020671698.1|pos_26,FHDTKFIGPNYTWCNNKTGKARILERLDRCLLN,0.051689550280570984,0
>XP_020671698.1|pos_29,TKFIGPNYTWCNNKTGKARILERLDRCLLNCIT,0.018493527546525,0
>XP_020671698.1|pos_50,ERLDRCLLNCITLNHLKVPVVNHLARIASDHCP,0.0911785140633583,0
>XP_020671698.1|pos_104,WLSYPASHSVVWFAWNKPAKGNAYSILNLKFRR,0.09165436774492264,0
>XP_020671698.1|pos_107,YPASHSVVWFAWNKPAKGNAYSILNLKFRRSLK,0.06318984180688858,0
>XP_020671698.1|pos_117,AWNKPAKGNAYSILNLKFRRSLKALFFWSKAKH,0.05387621745467186,0
>XP_020671698.1|pos_123,KGNAYSILNLKFRRSLKALFFWSKAKHKDLSDL,0.038549937307834625,0
>XP_020671698.1|pos_130,LNLKFRRSLKALFFWSKAKHKDLSDLKNKLKKE,0.023986008018255234,0
>XP_020671698.1|pos_132,LKFRRSLKALFFWSKAKHKDLSDLKNKLKKEIL,0.09554299712181091,0
>XP_020671698.1|pos_134,FRRSLKALFFWSKAKHKDLSDLKNKLKKEILEL,0.5396564602851868,1
>XP_020671698.1|pos_140,ALFFWSKAKHKDLSDLKNKLKKEILELQDEESK,0.7808213233947754,1
>XP_020671698.1|pos_142,FFWSKAKHKDLSDLKNKLKKEILELQDEESKSS,0.08020209521055222,0
>XP_020671698.1|pos_144,WSKAKHKDLSDLKNKLKKEILELQDEESKSSVF,0.18007707595825195,0
>XP_020671698.1|pos_145,SKAKHKDLSDLKNKLKKEILELQDEESKSSVFS,0.953423798084259,1
>XP_020671698.1|pos_156,KNKLKKEILELQDEESKSSVFSVQNTDLLRTKV,0.011209016665816307,0
>XP_020671698.1|pos_171,SKSSVFSVQNTDLLRTKVRELNATLGRLCTWWK,0.004644869826734066,0
>XP_020671698.1|pos_187,KVRELNATLGRLCTWWKQRSKSKWIKEGDSNSK,0.01728324219584465,0
>XP_020671698.1|pos_191,LNATLGRLCTWWKQRSKSKWIKEGDSNSKYFHA,0.002136050257831812,0
>XP_020671698.1|pos_193,ATLGRLCTWWKQRSKSKWIKEGDSNSKYFHASA,0.003699015825986862,0
>XP_020671698.1|pos_196,GRLCTWWKQRSKSKWIKEGDSNSKYFHASASAR,0.22296497225761414,0
>XP_020671698.1|pos_203,KQRSKSKWIKEGDSNSKYFHASASARRNFKWIN,0.2718826234340668,0
>XP_020671698.1|pos_216,SNSKYFHASASARRNFKWINQLKNNDGSIIYYQ,0.15977713465690613,0
>XP_020671698.1|pos_222,HASASARRNFKWINQLKNNDGSIIYYQEEITEA,0.18884319067001343,0
>XP_020671698.1|pos_244,IIYYQEEITEAFSNFSKTNGVADHALWTIGLCV,0.004826647229492664,0
>XP_020671698.1|pos_266,DHALWTIGLCVLMSLMKLILSGWTEILQKKNWK,8.537010580766946e-05,0
>XP_020671698.1|pos_278,MSLMKLILSGWTEILQKKNWKLXXXXXXXXXXX,0.42025014758110046,0
>XP_020671698.1|pos_279,SLMKLILSGWTEILQKKNWKLXXXXXXXXXXXX,0.7421973943710327,1
>XP_020671698.1|pos_282,KLILSGWTEILQKKNWKLXXXXXXXXXXXXXXX,0.979276180267334,1
>XP_020671699.1|pos_5,XXXXXXXXXXXXMAENKGGSSSRHQELQISFGM,0.6848191022872925,1
>XP_020671699.1|pos_36,GMMQASSSTLHASAMSKEGGSGAYDLGELDQAL,0.00028688032762147486,0
>XP_020671699.1|pos_86,TLNIFPSQPMHVEPFNKGGVISLNNASNNSSKR,0.0007092856685630977,0
>XP_020671699.1|pos_101,NKGGVISLNNASNNSSKRPADQSMEIGNRRNNT,0.021455038338899612,0
>XP_020671699.1|pos_125,EIGNRRNNTSSLVQPDKDSKAAVKQKESSTKRG,0.03102967143058777,0
>XP_020671699.1|pos_128,NRRNNTSSLVQPDKDSKAAVKQKESSTKRGTAS,0.001621291390620172,0
>XP_020671699.1|pos_132,NTSSLVQPDKDSKAAVKQKESSTKRGTASSTEQ,0.0008972679497674108,0
>XP_020671699.1|pos_134,SSLVQPDKDSKAAVKQKESSTKRGTASSTEQEG,0.03641114756464958,0
>XP_020671699.1|pos_139,PDKDSKAAVKQKESSTKRGTASSTEQEGPKTPD,0.0021940937731415033,0
>XP_020671699.1|pos_152,SSTKRGTASSTEQEGPKTPDAKTIRRLAQNREA,0.5524309277534485,1
>XP_020671699.1|pos_157,GTASSTEQEGPKTPDAKTIRRLAQNREAARKSR,0.7458029389381409,1
>XP_020671699.1|pos_171,DAKTIRRLAQNREAARKSRLRKKAYVQQLENSR,0.001690940815024078,0
>XP_020671699.1|pos_176,RRLAQNREAARKSRLRKKAYVQQLENSRIRLTQ,0.003380435286089778,0
>XP_020671699.1|pos_177,RLAQNREAARKSRLRKKAYVQQLENSRIRLTQL,0.2604081630706787,0
>XP_020671699.1|pos_281,LYVDHCLSHFDEMINLKGAITKADVFHLLSGMW,0.05272891744971275,0
>XP_020671699.1|pos_286,CLSHFDEMINLKGAITKADVFHLLSGMWKTPAE,0.059061821550130844,0
>XP_020671699.1|pos_298,GAITKADVFHLLSGMWKTPAERCFMWMGGFRPS,0.2197955995798111,0
>XP_020671699.1|pos_318,ERCFMWMGGFRPSELIKILLSHIEPLTEQQILG,0.005067409481853247,0
>XP_020671699.1|pos_388,PSNMANYMGHMAIAMNKLSTLEGFVRQADGLRQ,0.0008365405956283212,0
>XP_020671700.1|pos_5,XXXXXXXXXXXXMAENKGGSSSRHQELQISFGM,0.6848191022872925,1
>XP_020671700.1|pos_36,GMMQASSSTLHASAMSKEGGSGAYDLGELDQAL,0.00028688032762147486,0
>XP_020671700.1|pos_86,TLNIFPSQPMHVEPFNKGGVISLNNASNNSSKR,0.0007092856685630977,0
>XP_020671700.1|pos_101,NKGGVISLNNASNNSSKRPADQSMEIGNRRNNT,0.02145504392683506,0
>XP_020671700.1|pos_125,EIGNRRNNTSSLVQPDKDSKAAVKKESSTKRGT,0.07253267616033554,0
>XP_020671700.1|pos_128,NRRNNTSSLVQPDKDSKAAVKKESSTKRGTASS,0.0032219192944467068,0
>XP_020671700.1|pos_132,NTSSLVQPDKDSKAAVKKESSTKRGTASSTEQE,0.11071044951677322,0
>XP_020671700.1|pos_133,TSSLVQPDKDSKAAVKKESSTKRGTASSTEQEG,0.04864414408802986,0
>XP_020671700.1|pos_138,QPDKDSKAAVKKESSTKRGTASSTEQEGPKTPD,0.0018967068754136562,0
>XP_020671700.1|pos_151,SSTKRGTASSTEQEGPKTPDAKTIRRLAQNREA,0.5524309277534485,1
>XP_020671700.1|pos_156,GTASSTEQEGPKTPDAKTIRRLAQNREAARKSR,0.7458029389381409,1
>XP_020671700.1|pos_170,DAKTIRRLAQNREAARKSRLRKKAYVQQLENSR,0.001690940815024078,0
>XP_020671700.1|pos_175,RRLAQNREAARKSRLRKKAYVQQLENSRIRLTQ,0.003380435286089778,0
>XP_020671700.1|pos_176,RLAQNREAARKSRLRKKAYVQQLENSRIRLTQL,0.2604081630706787,0
>XP_020671700.1|pos_280,LYVDHCLSHFDEMINLKGAITKADVFHLLSGMW,0.05272892490029335,0
>XP_020671700.1|pos_285,CLSHFDEMINLKGAITKADVFHLLSGMWKTPAE,0.059061821550130844,0
>XP_020671700.1|pos_297,GAITKADVFHLLSGMWKTPAERCFMWMGGFRPS,0.2197955995798111,0
>XP_020671700.1|pos_317,ERCFMWMGGFRPSELIKILLSHIEPLTEQQILG,0.005067409481853247,0
>XP_020671700.1|pos_387,PSNMANYMGHMAIAMNKLSTLEGFVRQADGLRQ,0.0008365405956283212,0
>XP_020671703.1|pos_23,LGFHFRACSLAGSIFGKPLKSDLATASGSRSSV,0.30591386556625366,0
>XP_020671703.1|pos_26,HFRACSLAGSIFGKPLKSDLATASGSRSSVARI,0.38407862186431885,0
>XP_020671703.1|pos_51,SRSSVARILVEMDVTVKHPDKVWVGSVESGYVQ,0.1799602061510086,0
>XP_020671703.1|pos_55,VARILVEMDVTVKHPDKVWVGSVESGYVQSVIF,0.013276423327624798,0
>XP_020671703.1|pos_76,SVESGYVQSVIFDDIPKFCVHCNSLGHSKGSCT,0.0023528970777988434,0
>XP_020671703.1|pos_88,DDIPKFCVHCNSLGHSKGSCTILHPNLVTSKPT,0.004501026589423418,0
>XP_020671703.1|pos_102,HSKGSCTILHPNLVTSKPTIDLGGVSVPTVSAA,0.005701439920812845,0
>XP_020671703.1|pos_178,DGNVVSDNLAENVVSPKTNLVVCEKLVSNPNGV,0.0006764679565094411,0
>XP_020671703.1|pos_186,LAENVVSPKTNLVVCEKLVSNPNGVDDGLPGDS,0.0009465187322348356,0
>XP_020671703.1|pos_215,PGDSAVLGNEEVSESRKVQSAVGDQVLGNFINV,0.12074822187423706,0
>XP_020671703.1|pos_248,PVNLSAANIVVGSNSGKEVRSHSDWLNNSSEGD,0.04243309795856476,0
>XP_020671703.1|pos_278,EGDSDSESFSDPDFDFKMVHDRSIKASVRGKLW,0.012440499849617481,0
>XP_020671703.1|pos_286,FSDPDFDFKMVHDRSIKASVRGKLWKRGGRRRX,0.4972932040691376,0
>XP_020671703.1|pos_292,DFKMVHDRSIKASVRGKLWKRGGRRRXXXXXXX,0.6583552956581116,1
>XP_020671703.1|pos_295,MVHDRSIKASVRGKLWKRGGRRRXXXXXXXXXX,0.26227498054504395,0
>XP_020671705.1|pos_44,TIPVSFAWRFMPGPAAKHLYAAASGAFLSYLSF,0.006201959680765867,0
>XP_020671705.1|pos_112,AYLVSCHVYYMSGDAWKDGGIDATGALMVLILK,0.02002680115401745,0
>XP_020671705.1|pos_128,KDGGIDATGALMVLILKVISCAINYSDGLLNDE,1.1673292647174094e-05,0
>XP_020671705.1|pos_151,NYSDGLLNDESLTESQKKNRLVHRPTAIEYIGY,0.7145193815231323,1
>XP_020671705.1|pos_152,YSDGLLNDESLTESQKKNRLVHRPTAIEYIGYC,0.7524133324623108,1
>XP_020671705.1|pos_183,YCLCCGSHFAGPVYEMKEYLEWTEGEGVSAIWS,0.0062407744117081165,0
>XP_020671705.1|pos_202,LEWTEGEGVSAIWSSPKGKSSPSPYRAMFRAIV,0.26665717363357544,0
>XP_020671705.1|pos_204,WTEGEGVSAIWSSPKGKSSPSPYRAMFRAIVQA,0.21610316634178162,0
>XP_020671705.1|pos_251,PLTRFNEPAYNQWGFWKRLFYQYMSGFTARWKY,0.0327557772397995,0
>XP_020671705.1|pos_266,WKRLFYQYMSGFTARWKYYFIWSISEASIIISG,0.0006278684595599771,0
>XP_020671705.1|pos_302,SGWSDSFPPISLWHRAKNVDIFGVELATSAVQL,0.009682402946054935,0
>XP_020671706.1|pos_4,XXXXXXXXXXXXXMPYKTHPIPCSHLRLSLPFS,0.14358539879322052,0
>XP_020671706.1|pos_58,SHNRNELVLIRGHEEPKTLRALNGQVCEICGDE,0.5420903563499451,1
>XP_020671706.1|pos_114,CYEYERREGSQLCPQCKTRYKRIKGSPRVEGDD,0.0252829659730196,0
>XP_020671706.1|pos_118,ERREGSQLCPQCKTRYKRIKGSPRVEGDDDEED,0.008183179423213005,0
>XP_020671706.1|pos_121,EGSQLCPQCKTRYKRIKGSPRVEGDDDEEDIDD,0.07591495662927628,0
>XP_020671706.1|pos_150,DIDDLEHEFNIEDEQNKKQNQHMSPPPATKLTA,0.004853180609643459,0
>XP_020671706.1|pos_151,IDDLEHEFNIEDEQNKKQNQHMSPPPATKLTAE,0.039830949157476425,0
>XP_020671706.1|pos_163,EQNKKQNQHMSPPPATKLTAEAMLYGKMSYGRG,0.00181371602229774,0
>XP_020671706.1|pos_173,SPPPATKLTAEAMLYGKMSYGRGPEDGENDAPQ,0.1001092717051506,0
>XP_020671706.1|pos_223,PISNGHSHGDFSSSLHKRVHPYPVSEPGSERWD,0.019881702959537506,0
>XP_020671706.1|pos_241,VHPYPVSEPGSERWDEKKEGGWRDRMDEWKSKQ,0.6988815665245056,1
>XP_020671706.1|pos_242,HPYPVSEPGSERWDEKKEGGWRDRMDEWKSKQG,0.9614333510398865,1
>XP_020671706.1|pos_254,WDEKKEGGWRDRMDEWKSKQGLLGGDPEDIDPD,0.2755272090435028,0
>XP_020671706.1|pos_256,EKKEGGWRDRMDEWKSKQGLLGGDPEDIDPDMA,0.28823596239089966,0
>XP_020671706.1|pos_284,DPDMAMIDEARQPLSRKVPIASSKINPYRMVIV,0.6845630407333374,1
>XP_020671706.1|pos_291,DEARQPLSRKVPIASSKINPYRMVIVLRLVVLG,0.32366302609443665,0
>XP_020671706.1|pos_346,ICEIWFAISWILDQFPKWFPIDRETYLDRLSLR,0.00032113451743498445,0
>XP_020671706.1|pos_386,SMLSPVDIFVSTVDPLKEPPLVTANTVLSILAV,0.010513211600482464,0
>XP_020671706.1|pos_408,TANTVLSILAVDYPVDKVSCYVSDDGASMLTFE,0.0010284794261679053,0
>XP_020671706.1|pos_435,SMLTFEALSEAAEFARKWVPFCKKFNIEPRAPE,0.6750437617301941,1
>XP_020671706.1|pos_441,ALSEAAEFARKWVPFCKKFNIEPRAPEMYFYLK,0.9849046468734741,1
>XP_020671706.1|pos_442,LSEAAEFARKWVPFCKKFNIEPRAPEMYFYLKV,0.9887124300003052,1
>XP_020671706.1|pos_457,KKFNIEPRAPEMYFYLKVDYLKDKVQPTFVKER,0.13935014605522156,0
>XP_020671706.1|pos_462,EPRAPEMYFYLKVDYLKDKVQPTFVKERRAMKR,0.8298658728599548,1
>XP_020671706.1|pos_464,RAPEMYFYLKVDYLKDKVQPTFVKERRAMKREY,0.8795451521873474,1
>XP_020671706.1|pos_471,YLKVDYLKDKVQPTFVKERRAMKREYEEFKIRI,0.6844257712364197,1
>XP_020671706.1|pos_477,LKDKVQPTFVKERRAMKREYEEFKIRINALVAK,0.0340619720518589,0
>XP_020671706.1|pos_484,TFVKERRAMKREYEEFKIRINALVAKATKVPAE,0.5220193266868591,1
>XP_020671706.1|pos_493,KREYEEFKIRINALVAKATKVPAEGWIMKDGTP,0.9759753942489624,1
>XP_020671706.1|pos_496,YEEFKIRINALVAKATKVPAEGWIMKDGTPWPG,0.7640573382377625,1
>XP_020671706.1|pos_505,ALVAKATKVPAEGWIMKDGTPWPGNNTRDHPGM,0.786803662776947,1
>XP_020671706.1|pos_549,DIDGNELPRLVYVSREKRPGFQHHKKAGAMNAL,0.3755320906639099,0
>XP_020671706.1|pos_557,RLVYVSREKRPGFQHHKKAGAMNALIRVSAVLT,0.11904643476009369,0
>XP_020671706.1|pos_558,LVYVSREKRPGFQHHKKAGAMNALIRVSAVLTN,0.8297679424285889,1
>XP_020671706.1|pos_591,APFMLNLDCDHYINNSKAIRESMCFLMDPQVGR,0.007151579484343529,0
>XP_020671706.1|pos_608,AIRESMCFLMDPQVGRKVCYVQFPQRFDGIDRN,0.1560552567243576,0
>XP_020671706.1|pos_640,NDRYANRNTVFFDINMKGLDGIQGPVYVGTGCV,0.010748925618827343,0
>XP_020671706.1|pos_669,TGCVFRRQALYGYSPPKGPKRPKMVSCDCCPCF,0.1251755654811859,0
>XP_020671706.1|pos_672,VFRRQALYGYSPPKGPKRPKMVSCDCCPCFGKR,0.0012433371739462018,0
>XP_020671706.1|pos_675,RQALYGYSPPKGPKRPKMVSCDCCPCFGKRKKP,0.047586098313331604,0
>XP_020671706.1|pos_687,PKRPKMVSCDCCPCFGKRKKPRFDKNDSELPVD,0.0002251474215881899,0
>XP_020671706.1|pos_689,RPKMVSCDCCPCFGKRKKPRFDKNDSELPVDGG,0.0002201774768764153,0
>XP_020671706.1|pos_690,PKMVSCDCCPCFGKRKKPRFDKNDSELPVDGGV,0.11238505691289902,0
>XP_020671706.1|pos_695,CDCCPCFGKRKKPRFDKNDSELPVDGGVDEDKQ,0.2570731043815613,0
>XP_020671706.1|pos_710,DKNDSELPVDGGVDEDKQMLMSQMNFDKRFGQS,0.0007739998400211334,0
>XP_020671706.1|pos_721,GVDEDKQMLMSQMNFDKRFGQSAAFVTSTLMEQ,0.6140090823173523,1
>XP_020671706.1|pos_751,MEQGGVPPSSSPAALLKEAIHVISCGYEDKTEW,0.00770418718457222,0
>XP_020671706.1|pos_764,ALLKEAIHVISCGYEDKTEWGTELGWIYGSITE,0.02612779475748539,0
>XP_020671706.1|pos_787,LGWIYGSITEDILTGFKMHCRGWRSVYCMPERP,0.012361019849777222,0
>XP_020671706.1|pos_806,CRGWRSVYCMPERPAFKGSAPINLSDRLNQVLR,0.28555792570114136,0
>XP_020671706.1|pos_843,SVEIFFSRHSPVWYGYKNGHLKWLERFSYINTT,0.07668343186378479,0
>XP_020671706.1|pos_848,FSRHSPVWYGYKNGHLKWLERFSYINTTIYPFT,0.4455240070819855,0
>XP_020671706.1|pos_883,PLLAYCTLPAVCLLTGKFIMPSISTFASLFFIA,2.5452407044213032e-06,0
>XP_020671706.1|pos_947,IGGVSAHLFAVVQGLLKILAGIDTNFTVTSKAS,0.0001770592061802745,0
>XP_020671706.1|pos_961,LLKILAGIDTNFTVTSKASDDEEFGELYTFKWT,0.012606838718056679,0
>XP_020671706.1|pos_975,TSKASDDEEFGELYTFKWTTLLIPPTTILIINI,0.0001027366379275918,0
>XP_020671706.1|pos_1015,SDAINNGYQSWGPLFGKLFFSFWVIVHLYPFLK,4.61372037534602e-05,0
>XP_020671706.1|pos_1031,KLFFSFWVIVHLYPFLKGLMGRQNRTPTIVVIW,0.0002742974611464888,0
>XP_020671706.1|pos_1075,WVRIDPFVVRAVGPNVKQCGINCXXXXXXXXXX,0.957632303237915,1
>XP_020671707.1|pos_16,XMGNSLISPCFLPNSTKNSTVKLIFWGGATHLL,0.009201062843203545,0
>XP_020671707.1|pos_21,LISPCFLPNSTKNSTVKLIFWGGATHLLSGRHL,0.010593499056994915,0
>XP_020671707.1|pos_102,PFDTLTANSLALLNGGKRCPPPPKAKFPFEYVK,0.7332624197006226,1
>XP_020671707.1|pos_109,NSLALLNGGKRCPPPPKAKFPFEYVKREDGRKA,0.6036004424095154,1
>XP_020671707.1|pos_111,LALLNGGKRCPPPPKAKFPFEYVKREDGRKAVK,0.9616140127182007,1
>XP_020671707.1|pos_118,KRCPPPPKAKFPFEYVKREDGRKAVKVVPEFIM,0.9380812048912048,1
>XP_020671707.1|pos_124,PKAKFPFEYVKREDGRKAVKVVPEFIMEMITVD,0.12366437166929245,0
>XP_020671707.1|pos_127,KFPFEYVKREDGRKAVKVVPEFIMEMITVDDRG,0.9568910002708435,1
>XP_020671707.1|pos_159,GGEALVNEEICSTPELKRHYEQLVVGNRLSWSP,0.04665135592222214,0
>XP_020671707.1|pos_176,RHYEQLVVGNRLSWSPKLETISERKVRSSPCRF,0.16862674057483673,0
>XP_020671707.1|pos_184,GNRLSWSPKLETISERKVRSSPCRFFGLDNRXX,0.10146921873092651,0
>XP_020671708.1|pos_6,XXXXXXXXXXXMAQNEKKGGRVFHLTPAAYDMA,0.9693366289138794,1
>XP_020671708.1|pos_7,XXXXXXXXXXMAQNEKKGGRVFHLTPAAYDMAE,0.9839854836463928,1
>XP_020671708.1|pos_46,LVDPGFIGPAFTWTNNKDASSKFFSRLDRFLIS,0.10091690719127655,0
>XP_020671708.1|pos_51,FIGPAFTWTNNKDASSKFFSRLDRFLISSDIMD,0.1445951908826828,0
>XP_020671708.1|pos_96,LISDHCPILCSVQEGTKINYSPWFRFEDVWVGY,0.0002119283890351653,0
>XP_020671708.1|pos_114,NYSPWFRFEDVWVGYPKARHLVLEKWRVADHGS,0.09310775995254517,0
>XP_020671708.1|pos_122,EDVWVGYPKARHLVLEKWRVADHGSEAVQFQRK,0.32766228914260864,0
>XP_020671708.1|pos_138,KWRVADHGSEAVQFQRKCSKTLKALFFWSRNKF,0.0005251526599749923,0
>XP_020671708.1|pos_141,VADHGSEAVQFQRKCSKTLKALFFWSRNKFKLL,0.005845916457474232,0
>XP_020671708.1|pos_144,HGSEAVQFQRKCSKTLKALFFWSRNKFKLLNKQ,0.06239006668329239,0
>XP_020671708.1|pos_153,RKCSKTLKALFFWSRNKFKLLNKQRDELDGEIR,0.06441754102706909,0
>XP_020671708.1|pos_155,CSKTLKALFFWSRNKFKLLNKQRDELDGEIRKL,0.059712331742048264,0
>XP_020671708.1|pos_159,LKALFFWSRNKFKLLNKQRDELDGEIRKLQELE,0.07442251592874527,0
>XP_020671708.1|pos_170,FKLLNKQRDELDGEIRKLQELEGETGGLNEAQT,0.27576661109924316,0
>XP_020671708.1|pos_188,QELEGETGGLNEAQTEKLRFNVQLFNSTLAGIL,0.01378454826772213,0
>XP_020671708.1|pos_208,NVQLFNSTLAGILTWWKQRAKVRWIEEGDDNAH,0.09717004746198654,0
>XP_020671708.1|pos_212,FNSTLAGILTWWKQRAKVRWIEEGDDNAHFFHS,0.032389476895332336,0
>XP_020671708.1|pos_237,DNAHFFHSMASARRRMKCIESIKREDGSVATEL,0.7354778051376343,1
>XP_020671708.1|pos_243,HSMASARRRMKCIESIKREDGSVATELEEISDI,0.3830302059650421,0
>XP_020671708.1|pos_267,TELEEISDIFFQFFDQKWKGQEIVESDWPSLEL,0.06911332905292511,0
>XP_020671708.1|pos_269,LEEISDIFFQFFDQKWKGQEIVESDWPSLELHX,0.4507420063018799,0
>XP_020671709.1|pos_5,XXXXXXXXXXXXMVAIKLDMEQSYDRMCWTTLY,0.01633507013320923,0
>XP_020671709.1|pos_25,EQSYDRMCWTTLYEMMKKIGFPVKYMKLVMECI,0.14338752627372742,0
>XP_020671709.1|pos_26,QSYDRMCWTTLYEMMKKIGFPVKYMKLVMECIM,0.05618206411600113,0
>XP_020671709.1|pos_32,CWTTLYEMMKKIGFPVKYMKLVMECIMEPRFSI,0.1371428221464157,0
>XP_020671709.1|pos_35,TLYEMMKKIGFPVKYMKLVMECIMEPRFSILIN,0.002202797681093216,0
>XP_020671709.1|pos_56,CIMEPRFSILINGRLSKWIMGRSGFCQGYPLSP,0.10202910751104355,0
>XP_020671709.1|pos_91,LIICSQLLSNVLLQEGKDLGIKVSSRGQKVSHF,0.44559037685394287,0
>XP_020671709.1|pos_96,QLLSNVLLQEGKDLGIKVSSRGQKVSHFLYVDD,0.5635204911231995,1
>XP_020671709.1|pos_103,LQEGKDLGIKVSSRGQKVSHFLYVDDVLLLYDA,0.01778033934533596,0
>XP_020671709.1|pos_120,VSHFLYVDDVLLLYDAKLKSIKKIKSIVSNYCG,0.02122175507247448,0
>XP_020671709.1|pos_122,HFLYVDDVLLLYDAKLKSIKKIKSIVSNYCGWT,0.01206855196505785,0
>XP_020671709.1|pos_125,YVDDVLLLYDAKLKSIKKIKSIVSNYCGWTRER,0.09434501826763153,0
>XP_020671709.1|pos_126,VDDVLLLYDAKLKSIKKIKSIVSNYCGWTRERP,0.12177591770887375,0
>XP_020671709.1|pos_128,DVLLLYDAKLKSIKKIKSIVSNYCGWTRERPNL,0.7785679697990417,1
>XP_020671709.1|pos_146,IVSNYCGWTRERPNLQKSSMIIGRIVESRRKKK,0.5781479477882385,1
>XP_020671709.1|pos_160,LQKSSMIIGRIVESRRKKKIARIMGIKVVEEFD,0.03962293267250061,0
>XP_020671709.1|pos_161,QKSSMIIGRIVESRRKKKIARIMGIKVVEEFDY,0.03036375902593136,0
>XP_020671709.1|pos_162,KSSMIIGRIVESRRKKKIARIMGIKVVEEFDYL,0.14013120532035828,0
>XP_020671709.1|pos_170,IVESRRKKKIARIMGIKVVEEFDYLGTKLSLRR,0.6605756878852844,1
>XP_020671709.1|pos_181,RIMGIKVVEEFDYLGTKLSLRRLRKEDFQFSLD,0.1712266057729721,0
>XP_020671709.1|pos_189,EEFDYLGTKLSLRRLRKEDFQFSLDKSLKILNT,0.7996729612350464,1
>XP_020671709.1|pos_198,LSLRRLRKEDFQFSLDKSLKILNTWGNRYISLL,0.40789172053337097,0
>XP_020671709.1|pos_201,RRLRKEDFQFSLDKSLKILNTWGNRYISLLGKL,0.09200002998113632,0
>XP_020671709.1|pos_216,LKILNTWGNRYISLLGKLVLEKLVFCNLPLLLI,0.002490660874173045,0
>XP_020671709.1|pos_221,TWGNRYISLLGKLVLEKLVFCNLPLLLISHSLI,1.0369868505222257e-05,0
>XP_020671709.1|pos_243,LPLLLISHSLIPLSVLKEFKKYCRNFIWNKQDG,0.0032036814372986555,0
>XP_020671709.1|pos_246,LLISHSLIPLSVLKEFKKYCRNFIWNKQDGKHG,0.05403226986527443,0
>XP_020671709.1|pos_247,LISHSLIPLSVLKEFKKYCRNFIWNKQDGKHGM,0.0202448982745409,0
>XP_020671709.1|pos_256,SVLKEFKKYCRNFIWNKQDGKHGMHYVAWEELC,0.18808461725711823,0
>XP_020671709.1|pos_260,EFKKYCRNFIWNKQDGKHGMHYVAWEELCKLRA,0.1872699111700058,0
>XP_020671709.1|pos_273,QDGKHGMHYVAWEELCKLRALGGSSFDCLKLRT,0.0064567262306809425,0
>XP_020671709.1|pos_286,ELCKLRALGGSSFDCLKLRTNESNVCLESSREA,0.006643025670200586,0
>XP_020671709.1|pos_303,LRTNESNVCLESSREAKFFLKQESVGQIQLRLV,0.006925107911229134,0
>XP_020671709.1|pos_307,ESNVCLESSREAKFFLKQESVGQIQLRLVEKXX,0.5344635844230652,1
>XP_020671709.1|pos_321,FLKQESVGQIQLRLVEKXXXXXXXXXXXXXXXX,0.8441082835197449,1
>XP_020671710.1|pos_11,XXXXXXMTSAAPSNTQKLTTNDALAYLKAVKDI,0.4207301735877991,0
>XP_020671710.1|pos_22,PSNTQKLTTNDALAYLKAVKDIFQDKREKYDEF,0.7206208109855652,1
>XP_020671710.1|pos_25,TQKLTTNDALAYLKAVKDIFQDKREKYDEFLEV,0.8173385858535767,1
>XP_020671710.1|pos_31,NDALAYLKAVKDIFQDKREKYDEFLEVMKDFKS,0.9169006943702698,1
>XP_020671710.1|pos_34,LAYLKAVKDIFQDKREKYDEFLEVMKDFKSQRI,0.8584026098251343,1
>XP_020671710.1|pos_43,IFQDKREKYDEFLEVMKDFKSQRIDTSGVIMRV,0.09926089644432068,0
>XP_020671710.1|pos_46,DKREKYDEFLEVMKDFKSQRIDTSGVIMRVKEL,0.023743074387311935,0
>XP_020671710.1|pos_60,DFKSQRIDTSGVIMRVKELFKGHRDLILGFNTF,0.10683388262987137,0
>XP_020671710.1|pos_64,QRIDTSGVIMRVKELFKGHRDLILGFNTFLPHG,0.581741213798523,1
>XP_020671710.1|pos_84,DLILGFNTFLPHGYEIKLPEEKKPVEFEEAISF,0.6156870722770691,1
>XP_020671710.1|pos_89,FNTFLPHGYEIKLPEEKKPVEFEEAISFVNKIK,0.9140332937240601,1
>XP_020671710.1|pos_90,NTFLPHGYEIKLPEEKKPVEFEEAISFVNKIKN,0.9932131767272949,1
>XP_020671710.1|pos_103,EEKKPVEFEEAISFVNKIKNRFQNEEHIYKAFL,0.045922040939331055,0
>XP_020671710.1|pos_105,KKPVEFEEAISFVNKIKNRFQNEEHIYKAFLDI,0.09814443439245224,0
>XP_020671710.1|pos_116,FVNKIKNRFQNEEHIYKAFLDILNMYRRENKSI,0.0025044837966561317,0
>XP_020671710.1|pos_130,IYKAFLDILNMYRRENKSIHDVYQEVAVLFQSH,0.02459576725959778,0
>XP_020671710.1|pos_195,DDRSSLMPFMRNPPMVKKERANSSYLERDLSVD,0.02777167782187462,0
>XP_020671710.1|pos_196,DRSSLMPFMRNPPMVKKERANSSYLERDLSVDR,0.22386248409748077,0
>XP_020671710.1|pos_224,LSVDRPDLEHEQRRTEKEKDRKEERDRRERDRD,0.004032958298921585,0
>XP_020671710.1|pos_226,VDRPDLEHEQRRTEKEKDRKEERDRRERDRDEK,0.005598474759608507,0
>XP_020671710.1|pos_229,PDLEHEQRRTEKEKDRKEERDRRERDRDEKDFE,0.03110319748520851,0
>XP_020671710.1|pos_242,KDRKEERDRRERDRDEKDFEHDSRDLELTRKRK,0.007325978949666023,0
>XP_020671710.1|pos_256,DEKDFEHDSRDLELTRKRKPSHRVDDDAPELMH,0.0009073840919882059,0
>XP_020671710.1|pos_258,KDFEHDSRDLELTRKRKPSHRVDDDAPELMHQG,0.023760776966810226,0
>XP_020671710.1|pos_292,GAENFGMYCMSASFGDKNSLKSVYTQEFAFCEK,0.06316062808036804,0
>XP_020671710.1|pos_296,FGMYCMSASFGDKNSLKSVYTQEFAFCEKVKEK,0.3577864468097687,0
>XP_020671710.1|pos_308,KNSLKSVYTQEFAFCEKVKEKLHPDAYQEFLKC,0.07971388846635818,0
>XP_020671710.1|pos_310,SLKSVYTQEFAFCEKVKEKLHPDAYQEFLKCLH,0.11257118731737137,0
>XP_020671710.1|pos_312,KSVYTQEFAFCEKVKEKLHPDAYQEFLKCLHIY,0.10625356435775757,0
>XP_020671710.1|pos_323,EKVKEKLHPDAYQEFLKCLHIYSKEIITRDELK,0.0010530600557103753,0
>XP_020671710.1|pos_330,HPDAYQEFLKCLHIYSKEIITRDELKNLVSDIL,0.07697323709726334,0
>XP_020671710.1|pos_339,KCLHIYSKEIITRDELKNLVSDILGKYSDLMEG,0.8366313576698303,1
>XP_020671710.1|pos_348,IITRDELKNLVSDILGKYSDLMEGFNEFLAHCE,0.0007431867416016757,0
>XP_020671710.1|pos_376,LAHCENMDGFLAGVFNKKPLWSEGHKAKLVKVE,0.34825751185417175,0
>XP_020671710.1|pos_377,AHCENMDGFLAGVFNKKPLWSEGHKAKLVKVED,0.975432813167572,1
>XP_020671710.1|pos_385,FLAGVFNKKPLWSEGHKAKLVKVEDRERERERE,0.01952376216650009,0
>XP_020671710.1|pos_387,AGVFNKKPLWSEGHKAKLVKVEDRERERERERD,0.19618290662765503,0
>XP_020671710.1|pos_390,FNKKPLWSEGHKAKLVKVEDRERERERERDDRD,0.260217547416687,0
>XP_020671710.1|pos_415,ERERDDRDRDRERERDKDKERCDKGCYISKDTA,0.0017331036506220698,0
>XP_020671710.1|pos_417,ERDDRDRDRERERDKDKERCDKGCYISKDTANH,0.009873191826045513,0
>XP_020671710.1|pos_422,DRDRERERDKDKERCDKGCYISKDTANHKGPLV,0.01843991130590439,0
>XP_020671710.1|pos_428,ERDKDKERCDKGCYISKDTANHKGPLVSKEKFN,0.22862982749938965,0
>XP_020671710.1|pos_434,ERCDKGCYISKDTANHKGPLVSKEKFNLYKPIS,0.9045957922935486,1
>XP_020671710.1|pos_440,CYISKDTANHKGPLVSKEKFNLYKPISELDLSN,0.32748013734817505,0
>XP_020671710.1|pos_442,ISKDTANHKGPLVSKEKFNLYKPISELDLSNCQ,0.43625950813293457,0
>XP_020671710.1|pos_447,ANHKGPLVSKEKFNLYKPISELDLSNCQQCTPS,0.19932645559310913,0
>XP_020671710.1|pos_469,DLSNCQQCTPSYRLLPKNYPIPAASQRTSLGAS,0.01913168653845787,0
>XP_020671710.1|pos_504,NDVWVSVTSGSEDYSFKHMRKNQYEESLFRCED,0.0524839349091053,0
>XP_020671710.1|pos_508,VSVTSGSEDYSFKHMRKNQYEESLFRCEDDRFE,0.09812798351049423,0
>XP_020671710.1|pos_537,DRFELDMLLESVNAATKRVEELLEKMQDNTIKP,0.07062716037034988,0
>XP_020671710.1|pos_545,LESVNAATKRVEELLEKMQDNTIKPESPFHIED,0.06207562983036041,0
>XP_020671710.1|pos_552,TKRVEELLEKMQDNTIKPESPFHIEDHFTSLNL,0.37253957986831665,0
>XP_020671710.1|pos_588,ERLYGDHGLDVMDVLRKNASLALPVILTRLKQK,0.00046552825369872153,0
>XP_020671710.1|pos_602,LRKNASLALPVILTRLKQKQEEWSKCRADFNKV,0.0012777838855981827,0
>XP_020671710.1|pos_604,KNASLALPVILTRLKQKQEEWSKCRADFNKVWA,0.5752306580543518,1
>XP_020671710.1|pos_610,LPVILTRLKQKQEEWSKCRADFNKVWAEIYSKN,0.004010112024843693,0
>XP_020671710.1|pos_617,LKQKQEEWSKCRADFNKVWAEIYSKNYHKSLDH,0.2828867733478546,0
>XP_020671710.1|pos_625,SKCRADFNKVWAEIYSKNYHKSLDHRSFYFKQQ,0.5640270709991455,1
>XP_020671710.1|pos_629,ADFNKVWAEIYSKNYHKSLDHRSFYFKQQDTKN,0.816369891166687,1
>XP_020671710.1|pos_639,YSKNYHKSLDHRSFYFKQQDTKNLSAKALLSEI,0.627469003200531,1
>XP_020671710.1|pos_644,HKSLDHRSFYFKQQDTKNLSAKALLSEIKEISE,0.7028847932815552,1
>XP_020671710.1|pos_649,HRSFYFKQQDTKNLSAKALLSEIKEISEKKRKE,0.6266356110572815,1
>XP_020671710.1|pos_656,QQDTKNLSAKALLSEIKEISEKKRKEDDVLLAI,0.9708351492881775,1
>XP_020671710.1|pos_661,NLSAKALLSEIKEISEKKRKEDDVLLAIAAGNR,0.06578096747398376,0
>XP_020671710.1|pos_662,LSAKALLSEIKEISEKKRKEDDVLLAIAAGNRR,0.10589193552732468,0
>XP_020671710.1|pos_664,AKALLSEIKEISEKKRKEDDVLLAIAAGNRRPI,0.8645918369293213,1
>XP_020671710.1|pos_702,FEYADPNIFNDLYQIIKYSSREVCASSDQLDKV,0.009327678941190243,0
>XP_020671710.1|pos_717,IKYSSREVCASSDQLDKVMRIWTTFLEPIFGVP,0.16861647367477417,0
>XP_020671710.1|pos_747,GVPPRPMGIEDTEGVSKIKVHNKTSVANAGESN,0.19304832816123962,0
>XP_020671710.1|pos_749,PPRPMGIEDTEGVSKIKVHNKTSVANAGESNGF,0.2723504602909088,0
>XP_020671710.1|pos_753,MGIEDTEGVSKIKVHNKTSVANAGESNGFPDVD,0.8386591076850891,1
>XP_020671710.1|pos_776,GESNGFPDVDGFIANNKSVKGDGGIIQEQATGK,0.3195168375968933,0
>XP_020671710.1|pos_779,NGFPDVDGFIANNKSVKGDGGIIQEQATGKIRV,0.9269729852676392,1
>XP_020671710.1|pos_792,KSVKGDGGIIQEQATGKIRVANVEAVVLDNGVH,0.7838457226753235,1
>XP_020671710.1|pos_822,GVHDSDRPVLQNDNISKTPVQGRVQTSANAYER,0.02608449012041092,0
>XP_020671710.1|pos_876,RMQSNICIVSGFSATTKSSHTGTEAAAEPRAHN,0.0014550560154020786,0
>XP_020671710.1|pos_917,GDTARSILVTNGNCITKSSKANRYHGGVGSQNE,0.09512925148010254,0
>XP_020671710.1|pos_920,ARSILVTNGNCITKSSKANRYHGGVGSQNEREE,0.08811593800783157,0
>XP_020671710.1|pos_965,NFVAFEDNAMDASTRQKGGSANRTFQVRDGEVE,0.6509705185890198,1
>XP_020671710.1|pos_1044,HEDHEEEDADHEDHDAKGESEGEADGIANDAEG,0.002263967413455248,0
>XP_020671710.1|pos_1076,GEITSLPFSEQFLQTAKPLAKHVPAALQEKGDR,0.9597522616386414,1
>XP_020671710.1|pos_1080,SLPFSEQFLQTAKPLAKHVPAALQEKGDRCSRI,0.7482259273529053,1
>XP_020671710.1|pos_1089,QTAKPLAKHVPAALQEKGDRCSRIFYGNDSFYV,0.07740268856287003,0
>XP_020671710.1|pos_1121,VLFRLHQTFYERILSAKINSAFAERKWRFPKDA,0.24764029681682587,0
>XP_020671710.1|pos_1130,YERILSAKINSAFAERKWRFPKDATNPDLYVKF,0.014857360161840916,0
>XP_020671710.1|pos_1135,SAKINSAFAERKWRFPKDATNPDLYVKFTTALY,0.7233036160469055,1
>XP_020671710.1|pos_1145,RKWRFPKDATNPDLYVKFTTALYSLLDGTADNT,0.009056633338332176,0
>XP_020671710.1|pos_1162,FTTALYSLLDGTADNTKFEDDCRAIIGTQSYLL,0.0022808543872088194,0
>XP_020671710.1|pos_1183,CRAIIGTQSYLLFTLDKLIYKVVKQLQAIVADD,0.0005351048312149942,0
>XP_020671710.1|pos_1187,IGTQSYLLFTLDKLIYKVVKQLQAIVADDVDNK,0.011731922626495361,0
>XP_020671710.1|pos_1190,QSYLLFTLDKLIYKVVKQLQAIVADDVDNKLRQ,0.005951136816293001,0
>XP_020671710.1|pos_1203,KVVKQLQAIVADDVDNKLRQLYLYEKSRRPGRF,0.07924432307481766,0
>XP_020671710.1|pos_1212,VADDVDNKLRQLYLYEKSRRPGRFFDMVYHENA,0.7037268280982971,1
>XP_020671710.1|pos_1248,LHDESVYRFECSSNPAKISIQLMDYGLEKPEVT,0.0007556216442026198,0
>XP_020671710.1|pos_1260,SNPAKISIQLMDYGLEKPEVTAVSIEPNFSSYL,0.0228788573294878,0
>XP_020671710.1|pos_1288,FSSYLYNDFLSSISDRKERLGIFMRRNKRKFRN,0.007516892626881599,0
>XP_020671710.1|pos_1299,SISDRKERLGIFMRRNKRKFRNDDDEDSIYCKA,2.5081399144255556e-05,0
>XP_020671710.1|pos_1301,SDRKERLGIFMRRNKRKFRNDDDEDSIYCKALN,0.007859078235924244,0
>XP_020671710.1|pos_1314,NKRKFRNDDDEDSIYCKALNGLRIFNGLECKIA,0.004560159519314766,0
>XP_020671710.1|pos_1328,YCKALNGLRIFNGLECKIASLTSKVSYVLDTED,0.008920012973248959,0
>XP_020671710.1|pos_1335,LRIFNGLECKIASLTSKVSYVLDTEDVLFRMAK,0.07351703196763992,0
>XP_020671710.1|pos_1351,KVSYVLDTEDVLFRMAKRRRPSQGGQTSRNQTN,0.0025482834316790104,0
>XP_020671710.1|pos_1370,RPSQGGQTSRNQTNFLKYYTEKVQKFHCFQAMN,0.119534432888031,0
>XP_020671710.1|pos_1375,GQTSRNQTNFLKYYTEKVQKFHCFQAMNLTXXX,0.1701047718524933,0
>XP_020671710.1|pos_1378,SRNQTNFLKYYTEKVQKFHCFQAMNLTXXXXXX,0.5849423408508301,1
>XP_020671714.1|pos_14,XXXMAGVAGLCFTPPSKLTCVPAGCPLGKSLFK,0.001037385081872344,0
>XP_020671714.1|pos_26,TPPSKLTCVPAGCPLGKSLFKPPSRLRLCKVPR,0.22094771265983582,0
>XP_020671714.1|pos_30,KLTCVPAGCPLGKSLFKPPSRLRLCKVPRGGWL,0.48722371459007263,0
>XP_020671714.1|pos_39,PLGKSLFKPPSRLRLCKVPRGGWLVARFGSGGY,0.02053655870258808,0
>XP_020671714.1|pos_56,VPRGGWLVARFGSGGYKPRPAGVPRRSSGKSRF,0.556370198726654,1
>XP_020671714.1|pos_69,GGYKPRPAGVPRRSSGKSRFVDSDYDQALDLDR,0.07594422250986099,0
>XP_020671714.1|pos_106,SVRLLDEQQNMVGIVSKGEAIRIAEDAELILAI,0.393808513879776,0
>XP_020671714.1|pos_141,SDADPPVLRLFESPDYKKHKYEQLKKKRVQMKR,0.22270162403583527,0
>XP_020671714.1|pos_142,DADPPVLRLFESPDYKKHKYEQLKKKRVQMKRS,0.17545603215694427,0
>XP_020671714.1|pos_144,DPPVLRLFESPDYKKHKYEQLKKKRVQMKRSAA,0.19616249203681946,0
>XP_020671714.1|pos_149,RLFESPDYKKHKYEQLKKKRVQMKRSAANRMDT,0.005903541576117277,0
>XP_020671714.1|pos_150,LFESPDYKKHKYEQLKKKRVQMKRSAANRMDTK,0.0006833616644144058,0
>XP_020671714.1|pos_151,FESPDYKKHKYEQLKKKRVQMKRSAANRMDTKE,0.0008988377521745861,0
>XP_020671714.1|pos_156,YKKHKYEQLKKKRVQMKRSAANRMDTKELKMGY,0.02129843272268772,0
>XP_020671714.1|pos_166,KKRVQMKRSAANRMDTKELKMGYNIDSHDYSVR,0.6377491354942322,1
>XP_020671714.1|pos_169,VQMKRSAANRMDTKELKMGYNIDSHDYSVRLKA,0.5807320475578308,1
>XP_020671714.1|pos_184,LKMGYNIDSHDYSVRLKAAQKFLKDGDKVKVIV,0.9922497272491455,1
>XP_020671714.1|pos_188,YNIDSHDYSVRLKAAQKFLKDGDKVKVIVNLKG,0.9964315891265869,1
>XP_020671714.1|pos_191,DSHDYSVRLKAAQKFLKDGDKVKVIVNLKGREN,0.9996484518051147,1
>XP_020671714.1|pos_195,YSVRLKAAQKFLKDGDKVKVIVNLKGRENEFKN,0.7059698700904846,1
>XP_020671714.1|pos_197,VRLKAAQKFLKDGDKVKVIVNLKGRENEFKNIA,0.9545409679412842,1
>XP_020671714.1|pos_203,QKFLKDGDKVKVIVNLKGRENEFKNIAIELIKR,0.8836262822151184,1
>XP_020671714.1|pos_210,DKVKVIVNLKGRENEFKNIAIELIKRFQNDVGE,0.9960034489631653,1
>XP_020671714.1|pos_218,LKGRENEFKNIAIELIKRFQNDVGELATEESKS,0.8777909874916077,1
>XP_020671714.1|pos_233,IKRFQNDVGELATEESKSFSERNIYLILTPNKA,0.04092695936560631,0
>XP_020671714.1|pos_248,SKSFSERNIYLILTPNKAALQKVQEQPKKETSA,0.11764150857925415,0
>XP_020671714.1|pos_253,ERNIYLILTPNKAALQKVQEQPKKETSAAAEVS,0.15243098139762878,0
>XP_020671714.1|pos_259,ILTPNKAALQKVQEQPKKETSAAAEVSASVXXX,0.5086377859115601,1
>XP_020671714.1|pos_260,LTPNKAALQKVQEQPKKETSAAAEVSASVXXXX,0.7761680483818054,1
>XP_020671720.1|pos_9,XXXXXXXXMVVNGRPVKRAKRRITADLYDFFSF,0.041594602167606354,0
>XP_020671720.1|pos_12,XXXXXMVVNGRPVKRAKRRITADLYDFFSFPSD,0.0011538941180333495,0
>XP_020671720.1|pos_115,MATVELDVVEEDVARSKSVYCDQCRVVGWSCHP,0.10414962470531464,0
>XP_020671720.1|pos_135,CDQCRVVGWSCHPVCRKRYHFIIRNNANPLSSS,0.013998504728078842,0
>XP_020671720.1|pos_154,HFIIRNNANPLSSSHQKCLCCGALLQRLDSRCH,0.003943922929465771,0
>XP_020671720.1|pos_235,RYLTGSDIMGFWDRLCKMLRVRKVTVMDISKKH,0.039127714931964874,0
>XP_020671720.1|pos_241,DIMGFWDRLCKMLRVRKVTVMDISKKHGMEYRL,0.27577918767929077,0
>XP_020671720.1|pos_249,LCKMLRVRKVTVMDISKKHGMEYRLLNAVTCGQ,0.8521016240119934,1
>XP_020671720.1|pos_250,CKMLRVRKVTVMDISKKHGMEYRLLNAVTCGQP,0.28622323274612427,0
>XP_020671720.1|pos_274,LNAVTCGQPWYGNWGYKFGAGSFGVTAKAYQEA,0.0035934182815253735,0
>XP_020671720.1|pos_285,GNWGYKFGAGSFGVTAKAYQEAVDTLANVPLSL,0.03062339872121811,0
>XP_020671720.1|pos_326,RTTLQNAVALYCSLSDKQLLTLRDLFSYVNHLL,0.0014091875636950135,0
>XP_020671720.1|pos_357,LLQDSHDHLCHLSSPRKKFPQVISAGALSSSSK,0.003102649701759219,0
>XP_020671720.1|pos_358,LQDSHDHLCHLSSPRKKFPQVISAGALSSSSKQ,0.03404282405972481,0
>XP_020671720.1|pos_373,KKFPQVISAGALSSSSKQEMERMEEVMVKVLRA,0.08710833638906479,0
>XP_020671720.1|pos_385,SSSSKQEMERMEEVMVKVLRAVGRSHWVTWRAL,0.2027435004711151,0
>XP_020671720.1|pos_402,VLRAVGRSHWVTWRALKGATSGSAGSPELLDYC,0.07464748620986938,0
>XP_020671720.1|pos_420,ATSGSAGSPELLDYCLKGLNGKITDDQLVVQSR,0.0072201918810606,0
>XP_020671720.1|pos_425,AGSPELLDYCLKGLNGKITDDQLVVQSRFNEET,0.13797231018543243,0
>XP_020671720.1|pos_464,LESYDQLVSDVQRRVIKLSSDHFTRHLKSLYDG,0.95721834897995,1
>XP_020671720.1|pos_475,QRRVIKLSSDHFTRHLKSLYDGMLDPATMLQFK,0.03733338415622711,0
>XP_020671720.1|pos_491,KSLYDGMLDPATMLQFKPKETRESILSSARKIL,0.9475809335708618,1
>XP_020671720.1|pos_493,LYDGMLDPATMLQFKPKETRESILSSARKILDC,0.2814357876777649,0
>XP_020671720.1|pos_505,QFKPKETRESILSSARKILDCKHFVKHFDEHLT,0.04822101444005966,0
>XP_020671720.1|pos_510,ETRESILSSARKILDCKHFVKHFDEHLTFFAPS,0.6693624258041382,1
>XP_020671720.1|pos_514,SILSSARKILDCKHFVKHFDEHLTFFAPSSNPS,0.8137639760971069,1
>XP_020671720.1|pos_567,PPELVVLPANAAIADLKLQVAKAFRETYIVFQR,0.4691663980484009,0
>XP_020671720.1|pos_572,VLPANAAIADLKLQVAKAFRETYIVFQRFQPEQ,0.07126767933368683,0
>XP_020671720.1|pos_599,RFQPEQVVGYNTVSDSKIKQPTNTKGVVLIRGR,0.3767528235912323,0
>XP_020671720.1|pos_601,QPEQVVGYNTVSDSKIKQPTNTKGVVLIRGRCL,0.12361191213130951,0
>XP_020671720.1|pos_607,GYNTVSDSKIKQPTNTKGVVLIRGRCLAGHGKL,0.9355065822601318,1
>XP_020671720.1|pos_622,TKGVVLIRGRCLAGHGKLSRFRMERGIESWEVD,0.6671297550201416,1
>XP_020671720.1|pos_644,MERGIESWEVDCLCGAKDDDGERMMACDGCGVW,0.01298680528998375,0
>XP_020671720.1|pos_673,CGVWQHTRCAGVNDQDKVPEKFICIKCYMASPK,0.03423271328210831,0
>XP_020671720.1|pos_677,QHTRCAGVNDQDKVPEKFICIKCYMASPKLGKE,0.025429347530007362,0
>XP_020671720.1|pos_682,AGVNDQDKVPEKFICIKCYMASPKLGKESKDTQ,0.007061611860990524,0
>XP_020671720.1|pos_689,KVPEKFICIKCYMASPKLGKESKDTQECQIXXX,0.004285936709493399,0
>XP_020671720.1|pos_692,EKFICIKCYMASPKLGKESKDTQECQIXXXXXX,0.6152158975601196,1
>XP_020671720.1|pos_695,ICIKCYMASPKLGKESKDTQECQIXXXXXXXXX,0.941493809223175,1
>XP_020671723.1|pos_37,LPVQISVTIYDWDIIWKSTVLGSVIIPIENEGQ,7.440125773428008e-05,0
>XP_020671723.1|pos_73,IWYTLDSISGQVCLHIKTQKLPVTSGRTLNGFA,0.042547572404146194,0
>XP_020671723.1|pos_76,TLDSISGQVCLHIKTQKLPVTSGRTLNGFAGVD,0.609163761138916,1
>XP_020671723.1|pos_109,ARRRMSAEQGPTVVHQKPGPLQTIFDLLPDEAV,0.4411795735359192,0
>XP_020671723.1|pos_159,IYVSSWHVCFHSNVFSKQIKVVIPIGDIHEIKR,0.0011581028811633587,0
>XP_020671723.1|pos_162,SSWHVCFHSNVFSKQIKVVIPIGDIHEIKRSQH,0.002650756621733308,0
>XP_020671723.1|pos_174,SKQIKVVIPIGDIHEIKRSQHAYINPAITIILR,0.02961738593876362,0
>XP_020671723.1|pos_211,GHGVPPLGSPDGRVRYKFASFWNRNHTLRALQR,0.5522686839103699,1
>XP_020671723.1|pos_230,SFWNRNHTLRALQRAAKNYRTMLEAEKQENAQS,0.1659022569656372,0
>XP_020671723.1|pos_240,ALQRAAKNYRTMLEAEKQENAQSALRAHSSSIR,0.8351688385009766,1
>XP_020671723.1|pos_260,AQSALRAHSSSIRSSRKPVDIPEENVAETGKLQ,0.5036863684654236,1
>XP_020671723.1|pos_274,SRKPVDIPEENVAETGKLQDFVKEDVLVGIVND,0.3926761746406555,0
>XP_020671723.1|pos_280,IPEENVAETGKLQDFVKEDVLVGIVNDTFPCTA,0.24207839369773865,0
>XP_020671723.1|pos_309,PCTAEEFFTLLFSDDSKFIDEYRSARKDTNLNM,0.005862597841769457,0
>XP_020671723.1|pos_319,LFSDDSKFIDEYRSARKDTNLNMGQWHVADEYD,0.5367449522018433,1
>XP_020671723.1|pos_370,PDTAMTEWQHAVLSADKTSLVLETVQQAHDVPF,0.0037166080437600613,0
>XP_020671723.1|pos_407,EIHCRWLLETTSESSSKLEIKVGAHFKKWCIMQ,0.002288548741489649,0
>XP_020671723.1|pos_411,RWLLETTSESSSKLEIKVGAHFKKWCIMQSKIK,0.1931626796722412,0
>XP_020671723.1|pos_417,TSESSSKLEIKVGAHFKKWCIMQSKIKTGAVDE,0.6965402364730835,1
>XP_020671723.1|pos_418,SESSSKLEIKVGAHFKKWCIMQSKIKTGAVDEY,0.435534805059433,0
>XP_020671723.1|pos_425,EIKVGAHFKKWCIMQSKIKTGAVDEYKKEVELM,0.2227272391319275,0
>XP_020671723.1|pos_427,KVGAHFKKWCIMQSKIKTGAVDEYKKEVELMLD,0.809392511844635,1
>XP_020671723.1|pos_435,WCIMQSKIKTGAVDEYKKEVELMLDVARSYLIR,0.9413899183273315,1
>XP_020671723.1|pos_436,CIMQSKIKTGAVDEYKKEVELMLDVARSYLIRS,0.49756625294685364,0
>XP_020671723.1|pos_453,EVELMLDVARSYLIRSKGSKQEVMEASSAPLES,0.12670865654945374,0
>XP_020671723.1|pos_456,LMLDVARSYLIRSKGSKQEVMEASSAPLESQVX,0.3436162769794464,0
>XP_020671724.1|pos_8,XXXXXXXXXMLSPHRRKDGEEANSDFSTQRKIE,0.9040781855583191,1
>XP_020671724.1|pos_22,RRKDGEEANSDFSTQRKIERRGLMPANSNLWVL,0.0018479088321328163,0
>XP_020671724.1|pos_52,WVLLGLGIAGILIVARKLKRVVKEDFGAFVERF,0.0017526294104754925,0
>XP_020671724.1|pos_54,LLGLGIAGILIVARKLKRVVKEDFGAFVERFEL,0.21693427860736847,0
>XP_020671724.1|pos_58,GIAGILIVARKLKRVVKEDFGAFVERFELLPPP,0.999734103679657,1
>XP_020671724.1|pos_80,FVERFELLPPPQPAPPKAPHPLTGLTFAVADVF,0.1029583290219307,0
>XP_020671724.1|pos_137,SSLVATLIDGGATCVGKTVIDDMAFSLSGENKY,0.007521145045757294,0
>XP_020671724.1|pos_152,GKTVIDDMAFSLSGENKYFGTPTNPKSPERIPG,0.34280771017074585,0
>XP_020671724.1|pos_161,FSLSGENKYFGTPTNPKSPERIPGGCSSGSAVA,0.7553566098213196,1
>XP_020671724.1|pos_233,GVLHVSPSLDAPGLFAKDPSVLHRAAHVLLKLP,0.780926525592804,1
>XP_020671724.1|pos_247,FAKDPSVLHRAAHVLLKLPYADVRPPRRVIIAD,0.5883644223213196,1
>XP_020671724.1|pos_270,RPPRRVIIADDYFQLMKISSRRITQVVTKTVEV,0.028797214850783348,0
>XP_020671724.1|pos_282,FQLMKISSRRITQVVTKTVEVLFGKQSLSHANV,0.014698130078613758,0
>XP_020671724.1|pos_290,RRITQVVTKTVEVLFGKQSLSHANVGEYLASKV,0.4553685188293457,0
>XP_020671724.1|pos_305,GKQSLSHANVGEYLASKVSSLKKFQVGAVNGDS,0.11111719161272049,0
>XP_020671724.1|pos_310,SHANVGEYLASKVSSLKKFQVGAVNGDSKISSL,0.841720461845398,1
>XP_020671724.1|pos_311,HANVGEYLASKVSSLKKFQVGAVNGDSKISSLT,0.9767274260520935,1
>XP_020671724.1|pos_322,VSSLKKFQVGAVNGDSKISSLTSLASAMRLLHK,0.029322298243641853,0
>XP_020671724.1|pos_338,KISSLTSLASAMRLLHKYEFRINYENWINSVKP,0.21576914191246033,0
>XP_020671724.1|pos_353,HKYEFRINYENWINSVKPTIAPCVSDNLSAPEE,0.14718496799468994,0
>XP_020671724.1|pos_393,CQTARSEVQLAIHSLLKDDGILVLPTVSGPPPK,0.05552734062075615,0
>XP_020671724.1|pos_409,KDDGILVLPTVSGPPPKLNSKELLSEDYQRRLL,0.05275392159819603,0
>XP_020671724.1|pos_413,ILVLPTVSGPPPKLNSKELLSEDYQRRLLNLSA,0.8475666642189026,1
>XP_020671724.1|pos_448,SMSGCCQITIPLGFHEKLPASVSFIARHGGDRF,0.04949077218770981,0
>XP_020671724.1|pos_470,SFIARHGGDRFLLDTVKTIYSNLQDQADIVVKS,0.3521469533443451,0
>XP_020671724.1|pos_485,VKTIYSNLQDQADIVVKSSSQSISVSKEESAEI,0.002127057174220681,0
>XP_020671724.1|pos_495,QADIVVKSSSQSISVSKEESAEIAKEKGNNAYK,0.6425344347953796,1
>XP_020671724.1|pos_503,SSQSISVSKEESAEIAKEKGNNAYKEKQWQKAI,0.9028618931770325,1
>XP_020671724.1|pos_505,QSISVSKEESAEIAKEKGNNAYKEKQWQKAINL,0.8254237174987793,1
>XP_020671724.1|pos_511,KEESAEIAKEKGNNAYKEKQWQKAINLYTEAIK,0.8108184933662415,1
>XP_020671724.1|pos_513,ESAEIAKEKGNNAYKEKQWQKAINLYTEAIKLN,0.8548054695129395,1
>XP_020671724.1|pos_517,IAKEKGNNAYKEKQWQKAINLYTEAIKLNGKNA,0.3068726658821106,0
>XP_020671724.1|pos_527,KEKQWQKAINLYTEAIKLNGKNATYYSNRAAAY,0.4896649420261383,0
>XP_020671724.1|pos_531,WQKAINLYTEAIKLNGKNATYYSNRAAAYLELG,0.8818148970603943,1
>XP_020671724.1|pos_564,SYMQAEADCSTVINLDKKNVKAFLRRGTAREML,0.9053397178649902,1
>XP_020671724.1|pos_565,YMQAEADCSTVINLDKKNVKAFLRRGTAREMLG,0.846123218536377,1
>XP_020671724.1|pos_568,AEADCSTVINLDKKNVKAFLRRGTAREMLGYYK,0.992811381816864,1
>XP_020671724.1|pos_584,KAFLRRGTAREMLGYYKEAIEDFRYALVLEPTN,0.3689451813697815,0
>XP_020671724.1|pos_601,EAIEDFRYALVLEPTNKTANSAVNRLKKFIPXX,0.13930794596672058,0
>XP_020671724.1|pos_611,VLEPTNKTANSAVNRLKKFIPXXXXXXXXXXXX,0.9380143284797668,1
>XP_020671724.1|pos_612,LEPTNKTANSAVNRLKKFIPXXXXXXXXXXXXX,0.9531888365745544,1
>XP_020671725.1|pos_7,XXXXXXXXXXMLRHGPKMVAVLLRNPLAFESCR,0.8682248592376709,1
>XP_020671725.1|pos_51,IRRINSNRVPQTLCRFKFPLGRFQTPMLGACSR,0.3927362561225891,0
>XP_020671725.1|pos_101,MLQAVADGGSGGDDGFKGSGDGGNGGGGGEENG,0.0003122726920992136,0
>XP_020671725.1|pos_133,GGNGWPFLSWYLTALNKHPVVTKALTSAFLTLI,0.02461899444460869,0
>XP_020671725.1|pos_139,FLSWYLTALNKHPVVTKALTSAFLTLIGDLSCQ,0.0036005480214953423,0
>XP_020671725.1|pos_191,GVWLAWHRVNGAEVAVKEIVMEKLSKKLRESLL,0.013796557672321796,0
>XP_020671725.1|pos_197,HRVNGAEVAVKEIVMEKLSKKLRESLLSEIVIN,0.2417270392179489,0
>XP_020671725.1|pos_200,NGAEVAVKEIVMEKLSKKLRESLLSEIVINLQA,0.02923852764070034,0
>XP_020671725.1|pos_201,GAEVAVKEIVMEKLSKKLRESLLSEIVINLQAH,0.022137150168418884,0
>XP_020671726.2|pos_16,XMLSRVSSLMASLPCSKVTRQPLMLPNMRKNWF,0.0009499951847828925,0
>XP_020671726.2|pos_29,PCSKVTRQPLMLPNMRKNWFGKHLLYGLGTLVL,0.01217732671648264,0
>XP_020671726.2|pos_34,TRQPLMLPNMRKNWFGKHLLYGLGTLVLRPIKL,0.03258669376373291,0
>XP_020671726.2|pos_49,GKHLLYGLGTLVLRPIKLLRGGTQLLGVSHFCS,0.0076150670647621155,0
>XP_020671726.2|pos_139,LNTHHHYDHTGGNMELKETYGAKFLLKWFKIVP,0.166853129863739,0
>XP_020671726.2|pos_145,YDHTGGNMELKETYGAKFLLKWFKIVPEXXXXX,0.4555709958076477,0
>XP_020671726.2|pos_149,GGNMELKETYGAKFLLKWFKIVPEXXXXXXXXX,0.9622551202774048,1
>XP_020671726.2|pos_152,MELKETYGAKFLLKWFKIVPEXXXXXXXXXXXX,0.9857778549194336,1
>XP_020671730.1|pos_82,SPDHTLLSFGDGHFRGKLVSATADGSNDGDDAE,0.06377696990966797,0
>XP_020671731.1|pos_30,GFLDHPTLATALQVCRKWKKAASDDAIWLKLFT,0.008210605010390282,0
>XP_020671731.1|pos_32,LDHPTLATALQVCRKWKKAASDDAIWLKLFTLR,0.051004741340875626,0
>XP_020671731.1|pos_33,DHPTLATALQVCRKWKKAASDDAIWLKLFTLRW,0.1614103764295578,0
>XP_020671731.1|pos_43,VCRKWKKAASDDAIWLKLFTLRWGADLADFFSS,0.01339765079319477,0
>XP_020671731.1|pos_63,LRWGADLADFFSSHHSKSWKEVYAIQHRCDRYG,0.13574975728988647,0
>XP_020671731.1|pos_66,GADLADFFSSHHSKSWKEVYAIQHRCDRYGLGL,0.8077340126037598,1
>XP_020671731.1|pos_83,EVYAIQHRCDRYGLGLKIITEGEDCYLIHQGEI,0.0058229402638971806,0
>XP_020671731.1|pos_109,LIHQGEIQRHLGRWDGKKLKEEESCSEISDKIL,0.14684507250785828,0
>XP_020671731.1|pos_110,IHQGEIQRHLGRWDGKKLKEEESCSEISDKILF,0.11033794283866882,0
>XP_020671731.1|pos_112,QGEIQRHLGRWDGKKLKEEESCSEISDKILFFI,0.896731436252594,1
>XP_020671731.1|pos_123,DGKKLKEEESCSEISDKILFFIGDLEVACAEAK,0.000574508507270366,0
>XP_020671731.1|pos_139,KILFFIGDLEVACAEAKRSPFFXXXXXXXXXXX,0.9040178656578064,1
>XP_020671732.1|pos_20,HLRILRPSHSRHRSPRKWKKAASDDAIWLKLFT,4.219627953716554e-05,0
>XP_020671732.1|pos_22,RILRPSHSRHRSPRKWKKAASDDAIWLKLFTLR,0.00449688546359539,0
>XP_020671732.1|pos_23,ILRPSHSRHRSPRKWKKAASDDAIWLKLFTLRW,0.008013487793505192,0
>XP_020671732.1|pos_33,SPRKWKKAASDDAIWLKLFTLRWGADLADFFSS,0.20805945992469788,0
>XP_020671732.1|pos_53,LRWGADLADFFSSHHSKSWKEVYAIQHRCDRYG,0.13574975728988647,0
>XP_020671732.1|pos_56,GADLADFFSSHHSKSWKEVYAIQHRCDRYGLGL,0.8077340126037598,1
>XP_020671732.1|pos_73,EVYAIQHRCDRYGLGLKIITEGEDCYLIHQGEI,0.0058229402638971806,0
>XP_020671732.1|pos_99,LIHQGEIQRHLGRWDGKKLKEEESCSEISDKIL,0.14684507250785828,0
>XP_020671732.1|pos_100,IHQGEIQRHLGRWDGKKLKEEESCSEISDKILF,0.11033794283866882,0
>XP_020671732.1|pos_102,QGEIQRHLGRWDGKKLKEEESCSEISDKILFFI,0.896731436252594,1
>XP_020671732.1|pos_113,DGKKLKEEESCSEISDKILFFIGDLEVACAEAK,0.000574508507270366,0
>XP_020671732.1|pos_129,KILFFIGDLEVACAEAKRSPFFXXXXXXXXXXX,0.9040178656578064,1
>XP_020671733.1|pos_18,EVSMRSPERSMVWTEPKNRGMVPVVYYLSRNGQ,0.20713800191879272,0
>XP_020671733.1|pos_66,GLHLRDVLNRLDFLRGKGMASMYSWSAKRNYKN,0.027690105140209198,0
>XP_020671733.1|pos_77,DFLRGKGMASMYSWSAKRNYKNGFVWHDLSDDD,0.03948349505662918,0
>XP_020671733.1|pos_81,GKGMASMYSWSAKRNYKNGFVWHDLSDDDLIHP,0.39396747946739197,0
>XP_020671733.1|pos_106,SDDDLIHPAHGNEYILKGSELLHGFPSSQKTQE,0.007076301146298647,0
>XP_020671733.1|pos_119,YILKGSELLHGFPSSQKTQETSESQETPKSESG,0.04343302547931671,0
>XP_020671733.1|pos_131,PSSQKTQETSESQETPKSESGFMPIRRKNTARS,0.03856269270181656,0
>XP_020671733.1|pos_142,SQETPKSESGFMPIRRKNTARSSRSLDLSEYKV,0.002070036483928561,0
>XP_020671733.1|pos_157,RKNTARSSRSLDLSEYKVYKTDLTASSAVNADA,0.5757614970207214,1
>XP_020671733.1|pos_160,TARSSRSLDLSEYKVYKTDLTASSAVNADAATQ,0.7644446492195129,1
>XP_020671733.1|pos_180,TASSAVNADAATQTDDKRRRRRAQAKDDEADRS,0.0013257830869406462,0
>XP_020671733.1|pos_189,AATQTDDKRRRRRAQAKDDEADRSLVIRPEENP,0.9231489300727844,1
>XP_020671733.1|pos_231,SPPPSSSSPETLETLIKADGSIISSASAGVSEN,0.00017403897072654217,0
>XP_020671733.1|pos_308,REMNGVMGISGLSVEEKEYFSGTLVEMKKKGDG,0.029077105224132538,0
>XP_020671733.1|pos_319,LSVEEKEYFSGTLVEMKKKGDGGDGVSDFPALQ,0.507270336151123,1
>XP_020671733.1|pos_320,SVEEKEYFSGTLVEMKKKGDGGDGVSDFPALQR,0.29411226511001587,0
>XP_020671733.1|pos_321,VEEKEYFSGTLVEMKKKGDGGDGVSDFPALQRS,0.9906598925590515,1
>XP_020671734.1|pos_10,XXXXXXXMVVVSEEIRKGPWTEQEDLQLVCFVS,0.13869784772396088,0
>XP_020671734.1|pos_38,VCFVSLFGERRWDFIAKVSGLNRTGKSCRLRWF,0.04908803850412369,0
>XP_020671734.1|pos_47,RRWDFIAKVSGLNRTGKSCRLRWFNYLQPGLKH,0.11043872684240341,0
>XP_020671734.1|pos_62,GKSCRLRWFNYLQPGLKHGRMTPQEERLILELH,0.09697605669498444,0
>XP_020671734.1|pos_101,WSRIARRLPGRTDNEIKNYWRTHMRKKAQERKK,0.8085647821426392,1
>XP_020671734.1|pos_110,GRTDNEIKNYWRTHMRKKAQERKKNSSSSASTI,0.0003279061056673527,0
>XP_020671734.1|pos_111,RTDNEIKNYWRTHMRKKAQERKKNSSSSASTIS,0.0009133326238952577,0
>XP_020671734.1|pos_116,IKNYWRTHMRKKAQERKKNSSSSASTISTCLST,0.0011190781369805336,0
>XP_020671734.1|pos_117,KNYWRTHMRKKAQERKKNSSSSASTISTCLSTH,0.01014135405421257,0
>XP_020671734.1|pos_144,TCLSTHSASPLDATTTKNEEDGSSLITEKESRE,0.008649565279483795,0
>XP_020671734.1|pos_156,ATTTKNEEDGSSLITEKESREKEYAVNVYPMEQ,0.02371642366051674,0
>XP_020671734.1|pos_161,NEEDGSSLITEKESREKEYAVNVYPMEQIWNDI,0.3933038115501404,0
>XP_020671734.1|pos_226,EHFVDYLWMMDDNEFSKIATSNDFRFLTSGIIE,0.0017315486911684275,0
>XP_020671735.1|pos_16,XMDRTGRPATGLNRTGKSCRLRWFNYLQPGLKH,0.06742192059755325,0
>XP_020671735.1|pos_31,GKSCRLRWFNYLQPGLKHGRMTPQEERLILELH,0.09697605669498444,0
>XP_020671735.1|pos_70,WSRIARRLPGRTDNEIKNYWRTHMRKKAQERKK,0.8085647821426392,1
>XP_020671735.1|pos_79,GRTDNEIKNYWRTHMRKKAQERKKNSSSSASTI,0.0003279061056673527,0
>XP_020671735.1|pos_80,RTDNEIKNYWRTHMRKKAQERKKNSSSSASTIS,0.0009133326238952577,0
>XP_020671735.1|pos_85,IKNYWRTHMRKKAQERKKNSSSSASTISTCLST,0.0011190781369805336,0
>XP_020671735.1|pos_86,KNYWRTHMRKKAQERKKNSSSSASTISTCLSTH,0.01014135405421257,0
>XP_020671735.1|pos_113,TCLSTHSASPLDATTTKNEEDGSSLITEKESRE,0.008649565279483795,0
>XP_020671735.1|pos_125,ATTTKNEEDGSSLITEKESREKEYAVNVYPMEQ,0.02371642366051674,0
>XP_020671735.1|pos_130,NEEDGSSLITEKESREKEYAVNVYPMEQIWNDI,0.3933038115501404,0
>XP_020671735.1|pos_195,EHFVDYLWMMDDNEFSKIATSNDFRFLTSGIIE,0.0017315486911684275,0
>XP_020671736.1|pos_136,MRLLLLVRAYQVNGHMKANLDPLGLEQREIPED,0.4940430223941803,0
>XP_020671736.1|pos_216,YCGTIGYEYMHIPDREKCNWLRERIETVKPRGY,0.19570350646972656,0
>XP_020671736.1|pos_228,PDREKCNWLRERIETVKPRGYSQERSEVILDRL,0.8123080730438232,1
>XP_020671736.1|pos_256,ILDRLIWSSQFENFLAKKWPAQKRFGLEGAETL,0.6308572292327881,1
>XP_020671736.1|pos_257,LDRLIWSSQFENFLAKKWPAQKRFGLEGAETLI,0.7774413824081421,1
>XP_020671736.1|pos_262,WSSQFENFLAKKWPAQKRFGLEGAETLIPGMKE,0.8630667924880981,1
>XP_020671736.1|pos_277,QKRFGLEGAETLIPGMKEMFDRSSDLGVESIVI,0.05361328274011612,0
>XP_020671736.1|pos_310,GMPHRGRLNVLGNVVRKPLRQIFSEFDKKTHKD,0.18385528028011322,0
>XP_020671736.1|pos_321,GNVVRKPLRQIFSEFDKKTHKDEDGLYTGTGDV,0.9205349683761597,1
>XP_020671736.1|pos_322,NVVRKPLRQIFSEFDKKTHKDEDGLYTGTGDVK,0.9704755544662476,1
>XP_020671736.1|pos_325,RKPLRQIFSEFDKKTHKDEDGLYTGTGDVKYHL,0.9965013265609741,1
>XP_020671736.1|pos_338,KTHKDEDGLYTGTGDVKYHLGTSYDRPTRGGRN,0.050310079008340836,0
>XP_020671736.1|pos_376,VANPSHLEAVDPVVVGKARAKQYYSNDVDRTKN,0.0625348910689354,0
>XP_020671736.1|pos_380,SHLEAVDPVVVGKARAKQYYSNDVDRTKNMGVL,0.8178369402885437,1
>XP_020671736.1|pos_391,GKARAKQYYSNDVDRTKNMGVLIHGDGSFAGQG,0.760965883731842,1
>XP_020671736.1|pos_455,TDPQAGRSSQYCTDVAKALNAPIFHVNGDDVEA,0.6032603979110718,1
>XP_020671736.1|pos_514,RRHGHNEGDEPSFTQPKMYQVIRNHPSALEIYE,0.24852068722248077,0
>XP_020671736.1|pos_531,MYQVIRNHPSALEIYEKKLVESEVFSKEDINKI,0.6851324439048767,1
>XP_020671736.1|pos_532,YQVIRNHPSALEIYEKKLVESEVFSKEDINKIN,0.6541656255722046,1
>XP_020671736.1|pos_541,ALEIYEKKLVESEVFSKEDINKINNKVESILED,0.896970808506012,1
>XP_020671736.1|pos_546,EKKLVESEVFSKEDINKINNKVESILEDEFNHS,0.43789753317832947,0
>XP_020671736.1|pos_550,VESEVFSKEDINKINNKVESILEDEFNHSKDYI,0.9534173011779785,1
>XP_020671736.1|pos_563,INNKVESILEDEFNHSKDYIPIKRDWLSAYWAG,0.9140011072158813,1
>XP_020671736.1|pos_569,SILEDEFNHSKDYIPIKRDWLSAYWAGFKSPEQ,0.7362992763519287,1
>XP_020671736.1|pos_581,YIPIKRDWLSAYWAGFKSPEQISRVRNTGVKPE,0.7462177276611328,1
>XP_020671736.1|pos_595,GFKSPEQISRVRNTGVKPEILKRVGEAITTIPE,0.9935047626495361,1
>XP_020671736.1|pos_600,EQISRVRNTGVKPEILKRVGEAITTIPENFKPH,0.33469319343566895,0
>XP_020671736.1|pos_614,ILKRVGEAITTIPENFKPHKGIKRVFDQRAQMI,0.9955040812492371,1
>XP_020671736.1|pos_617,RVGEAITTIPENFKPHKGIKRVFDQRAQMIQTG,0.9777153730392456,1
>XP_020671736.1|pos_620,EAITTIPENFKPHKGIKRVFDQRAQMIQTGEGI,0.8510144948959351,1
>XP_020671736.1|pos_754,NGAQVIFDQFLSSGESKWLRQTGLCVLLPHGFD,0.02270393632352352,0
>XP_020671736.1|pos_804,SDDNPYIIPEMEPTLRKQIQECNWQVVNVTTPA,0.013964886777102947,0
>XP_020671736.1|pos_836,ANYFHVLRRQLHRDFRKPLIVMSPKSLLRHKDC,0.8399509787559509,1
>XP_020671736.1|pos_844,RQLHRDFRKPLIVMSPKSLLRHKDCKSNLSEFD,0.7175382971763611,1
>XP_020671736.1|pos_850,FRKPLIVMSPKSLLRHKDCKSNLSEFDDVAGHP,0.8075161576271057,1
>XP_020671736.1|pos_853,PLIVMSPKSLLRHKDCKSNLSEFDDVAGHPGFD,0.5452658534049988,1
>XP_020671736.1|pos_870,SNLSEFDDVAGHPGFDKQGTRFKRLIKDQNDHK,0.9106005430221558,1
>XP_020671736.1|pos_876,DDVAGHPGFDKQGTRFKRLIKDQNDHKDLEDGI,0.05555390194058418,0
>XP_020671736.1|pos_880,GHPGFDKQGTRFKRLIKDQNDHKDLEDGINRLV,0.9961671233177185,1
>XP_020671736.1|pos_886,KQGTRFKRLIKDQNDHKDLEDGINRLVLCSGKV,0.9970627427101135,1
>XP_020671736.1|pos_901,HKDLEDGINRLVLCSGKVYYELDDERKKRDRKD,0.3512667715549469,0
>XP_020671736.1|pos_911,LVLCSGKVYYELDDERKKRDRKDIAICRVEQLC,0.39087703824043274,0
>XP_020671736.1|pos_912,VLCSGKVYYELDDERKKRDRKDIAICRVEQLCP,0.09567341208457947,0
>XP_020671736.1|pos_916,GKVYYELDDERKKRDRKDIAICRVEQLCPFPYD,0.9173470735549927,1
>XP_020671736.1|pos_939,VEQLCPFPYDLVQRELKRYPNAEVVWCQEEPMN,0.5339221358299255,1
>XP_020671736.1|pos_982,LCTALRSLGRGTMEDIKYVGRAPSASTATGFFS,0.956576406955719,1
>XP_020671736.1|pos_1002,RAPSASTATGFFSVHEKEQRELIGKAMQPDPIS,0.2857847511768341,0
>XP_020671736.1|pos_1010,TGFFSVHEKEQRELIGKAMQPDPISFPFXXXXX,0.22924189269542694,0
>XP_020671739.1|pos_26,FDNSVSGGSGFELNHHKLSCERPSAEVELCTST,0.022251293063163757,0
>XP_020671739.1|pos_51,EVELCTSTNMTENAVNKVQQASYYCSVIKNDNV,0.0024140258319675922,0
>XP_020671739.1|pos_63,NAVNKVQQASYYCSVIKNDNVVDEKVGVDETFN,0.013686412945389748,0
>XP_020671739.1|pos_71,ASYYCSVIKNDNVVDEKVGVDETFNLQISHEQH,0.02689562551677227,0
>XP_020671739.1|pos_98,ISHEQHAGHDPTSEADKVSNFEDISLCKEFILS,0.0017203923780471087,0
>XP_020671739.1|pos_109,TSEADKVSNFEDISLCKEFILSDVRMQKCLIKS,0.027084650471806526,0
>XP_020671739.1|pos_120,DISLCKEFILSDVRMQKCLIKSATFPSSEVDSL,0.040385760366916656,0
>XP_020671739.1|pos_124,CKEFILSDVRMQKCLIKSATFPSSEVDSLNFFN,0.2975393235683441,0
>XP_020671739.1|pos_166,SSAPVQNSSYDQLPTYKRSTSLPASSKLVSAMK,0.005755128338932991,0
>XP_020671739.1|pos_176,DQLPTYKRSTSLPASSKLVSAMKGGRKQNETSP,0.0057092406786978245,0
>XP_020671739.1|pos_182,KRSTSLPASSKLVSAMKGGRKQNETSPRVDMRV,0.022311722859740257,0
>XP_020671739.1|pos_186,SLPASSKLVSAMKGGRKQNETSPRVDMRVKWAQ,0.49750274419784546,0
>XP_020671739.1|pos_199,GGRKQNETSPRVDMRVKWAQDVYDPPATSMSHT,0.059559416025877,0
>XP_020671739.1|pos_217,AQDVYDPPATSMSHTVKSYNIQRPKSKKKDNRR,0.0146463168784976,0
>XP_020671739.1|pos_225,ATSMSHTVKSYNIQRPKSKKKDNRRQKHSKGKN,2.052990311085523e-07,0
>XP_020671739.1|pos_227,SMSHTVKSYNIQRPKSKKKDNRRQKHSKGKNSR,8.992026323539903e-08,0
>XP_020671739.1|pos_228,MSHTVKSYNIQRPKSKKKDNRRQKHSKGKNSRG,1.0933345947705675e-05,0
>XP_020671739.1|pos_229,SHTVKSYNIQRPKSKKKDNRRQKHSKGKNSRGN,1.3184971066948492e-05,0
>XP_020671739.1|pos_235,YNIQRPKSKKKDNRRQKHSKGKNSRGNNTGKKI,3.6636498634834425e-07,0
>XP_020671739.1|pos_238,QRPKSKKKDNRRQKHSKGKNSRGNNTGKKIPNR,3.154695377816097e-06,0
>XP_020671739.1|pos_240,PKSKKKDNRRQKHSKGKNSRGNNTGKKIPNRGN,6.0524693253682926e-05,0
>XP_020671739.1|pos_249,RQKHSKGKNSRGNNTGKKIPNRGNVGSISAPFP,0.0003885095939040184,0
>XP_020671739.1|pos_250,QKHSKGKNSRGNNTGKKIPNRGNVGSISAPFPA,0.0022059502080082893,0
>XP_020671739.1|pos_267,IPNRGNVGSISAPFPAKLQTGGANGPATPSEDI,0.0010524035897105932,0
>XP_020671739.1|pos_295,PSEDILEFGVGGLHDMKCGSSIFLRESLAKMHL,0.008166470564901829,0
>XP_020671739.1|pos_308,HDMKCGSSIFLRESLAKMHLSFGEATXXXXXXX,0.1436099261045456,0
>XP_020671740.1|pos_4,XXXXXXXXXXXXXMITKQILLTYLYLLIYICLS,0.0024773050099611282,0
>XP_020671740.1|pos_28,YLLIYICLSSGVILYNKWVLSPKHFKFPFPITL,0.00024232963914982975,0
>XP_020671740.1|pos_34,CLSSGVILYNKWVLSPKHFKFPFPITLTMIHMG,0.07413280755281448,0
>XP_020671740.1|pos_37,SGVILYNKWVLSPKHFKFPFPITLTMIHMGFSA,0.02693547122180462,0
>XP_020671740.1|pos_64,HMGFSAFVAVILVRVFKIVAPVKMTFQIYATCV,0.0005369185237213969,0
>XP_020671740.1|pos_70,FVAVILVRVFKIVAPVKMTFQIYATCVIPISAF,0.0003537381417118013,0
>XP_020671740.1|pos_110,GNTAYLHISVAFIQMLKALMPVATFLVAVVCGT,0.0034065681975334883,0
>XP_020671740.1|pos_128,LMPVATFLVAVVCGTDKLRCDLFLNMLLVSVGV,0.0003095350693911314,0
>XP_020671740.1|pos_182,IFAEALRLVLTQVLLQKKGLTLNPITSLYYIAP,0.027812082320451736,0
>XP_020671740.1|pos_183,FAEALRLVLTQVLLQKKGLTLNPITSLYYIAPC,0.3139761984348297,0
>XP_020671740.1|pos_213,APCSFVFLFVPWYLLEKPEMDISQIQFNFGIFF,7.323284080484882e-05,0
>XP_020671740.1|pos_261,VIGRTGAVTIRVAGVLKDWILIALSTIVFPEST,0.6166520714759827,1
>XP_020671740.1|pos_300,IGYAIALLGVVIYNYLKVKDVRASSQISMESIP,0.00248549971729517,0
>XP_020671740.1|pos_302,YAIALLGVVIYNYLKVKDVRASSQISMESIPER,0.018291424959897995,0
>XP_020671740.1|pos_321,RASSQISMESIPERATKDWKLDKKSSDIYREDD,0.03826809301972389,0
>XP_020671740.1|pos_324,SQISMESIPERATKDWKLDKKSSDIYREDDKIN,0.13824261724948883,0
>XP_020671740.1|pos_327,SMESIPERATKDWKLDKKSSDIYREDDKINNIG,0.31741803884506226,0
>XP_020671740.1|pos_328,MESIPERATKDWKLDKKSSDIYREDDKINNIGG,0.9205112457275391,1
>XP_020671740.1|pos_338,DWKLDKKSSDIYREDDKINNIGGDRNTMGPLSA,0.6590002179145813,1
>XP_020671741.1|pos_20,LSSITLWGYHETVEDLKNKLWTTFCELEEVKNN,0.07728172093629837,0
>XP_020671741.1|pos_22,SITLWGYHETVEDLKNKLWTTFCELEEVKNNAR,0.00442868284881115,0
>XP_020671741.1|pos_34,DLKNKLWTTFCELEEVKNNAREEIRRKEDNINQ,0.17234297096729279,0
>XP_020671741.1|pos_44,CELEEVKNNAREEIRRKEDNINQLIQLLKTANQ,0.5113139152526855,1
>XP_020671741.1|pos_56,EIRRKEDNINQLIQLLKTANQERDEAKDQLQIV,0.0011558502446860075,0
>XP_020671741.1|pos_66,QLIQLLKTANQERDEAKDQLQIVLNKLTQPKSA,0.2671363949775696,0
>XP_020671741.1|pos_75,NQERDEAKDQLQIVLNKLTQPKSAVLFPSAPFL,0.05491439625620842,0
>XP_020671741.1|pos_80,EAKDQLQIVLNKLTQPKSAVLFPSAPFLQPESP,0.024966608732938766,0
>XP_020671741.1|pos_166,CNVFIPQPTCPQDEVMKVLFDRFAKKPLPEKGR,0.15758071839809418,0
>XP_020671741.1|pos_174,TCPQDEVMKVLFDRFAKKPLPEKGRLLKAVIDA,0.9835335612297058,1
>XP_020671741.1|pos_175,CPQDEVMKVLFDRFAKKPLPEKGRLLKAVIDAG,0.9998393058776855,1
>XP_020671741.1|pos_180,VMKVLFDRFAKKPLPEKGRLLKAVIDAGPILDT,0.9821509122848511,1
>XP_020671741.1|pos_185,FDRFAKKPLPEKGRLLKAVIDAGPILDTLFVAG,0.91111820936203,1
>XP_020671741.1|pos_213,LFVAGSLPRWRNPPPLKPLLVPPLSIRSDDAGA,0.202299565076828,0
>XP_020671741.1|pos_248,TTSTPMAYYGVNGALCKAKRPLMEHCGGSQQYL,0.007923921570181847,0
>XP_020671741.1|pos_250,STPMAYYGVNGALCKAKRPLMEHCGGSQQYLTV,0.16908665001392365,0
>XP_020671741.1|pos_267,RPLMEHCGGSQQYLTVKRQKSQXXXXXXXXXXX,0.3686628043651581,0
>XP_020671741.1|pos_270,MEHCGGSQQYLTVKRQKSQXXXXXXXXXXXXXX,0.694564163684845,1
>XP_020671743.1|pos_2,XXXXXXXXXXXXXXXMKRFRFYGEEMKESIDSF,0.8073569536209106,1
>XP_020671743.1|pos_12,XXXXXMKRFRFYGEEMKESIDSFRLANVLMLLS,0.6387048959732056,1
>XP_020671743.1|pos_44,SGGSAATAAAGEVAAGKVFECKTCNRQFPSFQA,0.11023778468370438,0
>XP_020671743.1|pos_49,ATAAAGEVAAGKVFECKTCNRQFPSFQALGGHR,0.49359646439552307,0
>XP_020671743.1|pos_69,RQFPSFQALGGHRASHKKPRLGGADGPVDQVNS,0.004716032184660435,0
>XP_020671743.1|pos_70,QFPSFQALGGHRASHKKPRLGGADGPVDQVNSG,0.6834518313407898,1
>XP_020671743.1|pos_89,LGGADGPVDQVNSGPAKPRVHECSVCGLEFSIG,0.14929106831550598,0
>XP_020671743.1|pos_134,AVAGINGTPHGLWATEKEPVGEKAGVGLDLNLL,0.5253669023513794,1
>XP_020671743.1|pos_140,GTPHGLWATEKEPVGEKAGVGLDLNLLPPLEVE,0.0002124588645529002,0
>XP_020671743.1|pos_163,LNLLPPLEVEEVRSPPKLLGFTLTPAIVDCMYX,0.07132375985383987,0
>XP_020671744.1|pos_5,XXXXXXXXXXXXMRRAKSVSLKKTYSGPPAKTY,0.7730528116226196,1
>XP_020671744.1|pos_10,XXXXXXXMRRAKSVSLKKTYSGPPAKTYSVSPA,0.9448114037513733,1
>XP_020671744.1|pos_11,XXXXXXMRRAKSVSLKKTYSGPPAKTYSVSPAD,0.7872469425201416,1
>XP_020671744.1|pos_19,RAKSVSLKKTYSGPPAKTYSVSPADYQLLEEVG,0.2118796706199646,0
>XP_020671744.1|pos_48,EEVGYGASATVYRAMYKVGNEIVAVKCLDLDRC,0.26383349299430847,0
>XP_020671744.1|pos_57,TVYRAMYKVGNEIVAVKCLDLDRCNSNLDDIRR,0.004416027572005987,0
>XP_020671744.1|pos_88,RREAQTMSLIDHPNLIKAFCSFVVEHCLWVVMP,0.00010108615970239043,0
>XP_020671744.1|pos_116,WVVMPFMAQGSCLHLMKTAYPDGFEEPVIGSIL,0.0009116169530898333,0
>XP_020671744.1|pos_133,TAYPDGFEEPVIGSILKETLKALEYLHNHGHIH,0.017711114138364792,0
>XP_020671744.1|pos_137,DGFEEPVIGSILKETLKALEYLHNHGHIHRDVK,0.1600784808397293,0
>XP_020671744.1|pos_153,KALEYLHNHGHIHRDVKAGNILLDNSGAVKLGD,0.43744876980781555,0
>XP_020671744.1|pos_166,RDVKAGNILLDNSGAVKLGDFGVTACMFDKGDR,0.033366478979587555,0
>XP_020671744.1|pos_179,GAVKLGDFGVTACMFDKGDRQSSRNTFVGTPCW,0.1351982206106186,0
>XP_020671744.1|pos_210,CWMAPEVLQPGSGYNFKADIWSFGITALELAHG,0.006780673749744892,0
>XP_020671744.1|pos_232,FGITALELAHGHAPFSKYPPMKVLLMTLQNAPP,0.03426600620150566,0
>XP_020671744.1|pos_237,LELAHGHAPFSKYPPMKVLLMTLQNAPPGLDYD,0.005615963600575924,0
>XP_020671744.1|pos_256,LMTLQNAPPGLDYDRDKRFSKSFKEMVAMCLVK,0.06322752684354782,0
>XP_020671744.1|pos_260,QNAPPGLDYDRDKRFSKSFKEMVAMCLVKDQTK,0.024137767031788826,0
>XP_020671744.1|pos_263,PPGLDYDRDKRFSKSFKEMVAMCLVKDQTKRPT,0.29127150774002075,0
>XP_020671744.1|pos_272,KRFSKSFKEMVAMCLVKDQTKRPTAEKLLKHSF,0.3767278492450714,0
>XP_020671744.1|pos_276,KSFKEMVAMCLVKDQTKRPTAEKLLKHSFFKNA,0.08277925103902817,0
>XP_020671744.1|pos_282,VAMCLVKDQTKRPTAEKLLKHSFFKNAKPPELS,0.12946638464927673,0
>XP_020671744.1|pos_285,CLVKDQTKRPTAEKLLKHSFFKNAKPPELSVKS,0.2426094263792038,0
>XP_020671744.1|pos_290,QTKRPTAEKLLKHSFFKNAKPPELSVKSLLVDL,0.3584200441837311,0
