ProteinAccession,RefSeqAccession,Position,TrueLabel,Source,MatchedSequence,PositiveProbability,PredictedLabel,Status
comp165255_c1_seq8,XP_020679229.1,150,1,feng2017,RNVVAQLVRRAERAGFKAIALTVDTPRLGRREA,0.9982668161392212,1,TP
comp165580_c0_seq1,XP_020674863.1,60,1,feng2017,VLVGEKKVTSKLLQTSKSTEKMYKIDDHLACAV,0.8912297487258911,1,TP
comp170161_c1_seq1,XP_020671736.1,262,1,feng2017,WSSQFENFLAKKWPAQKRFGLEGAETLIPGMKE,0.8630309104919434,1,TP
comp170161_c1_seq1,XP_020671736.1,600,1,feng2017,EQISRVRNTGVKPEILKRVGEAITTIPENFKPH,0.33459851145744324,0,FN
comp164469_c0_seq1,XP_020672230.1,132,1,feng2017,IDVVSPEAGVIEKFVAKEGDTVTPGTKIAFISK,0.9893147945404053,1,TP
comp164469_c0_seq1,XP_020672230.1,142,1,feng2017,IEKFVAKEGDTVTPGTKIAFISKSDSSDTHVTP,0.2558562755584717,0,FN
comp164469_c0_seq1,XP_020672230.1,168,1,feng2017,SDTHVTPSEKLDQDTPKPGAKEADKAKHIVEEQ,0.27745479345321655,0,FN
comp164469_c0_seq1,XP_020672230.1,267,1,feng2017,FNEVDMTNLMKLRSDYKDAFVDKHGTKLGLMSG,0.9990585446357727,1,TP
comp172998_c0_seq8,XP_020680147.1,82,1,feng2017,LLAAGYSLTVFNRTPEKAQSLVDQGARLADSPF,0.9689742922782898,1,TP
comp166343_c0_seq9,XP_020687014.1,279,1,feng2017,GFGFDLVRGNKTLDVIKSVGFPSGKYLFAGIVD,0.8336884379386902,1,TP
comp166692_c0_seq4,XP_020687014.1,407,1,feng2017,SPRVTNPEVQKAAAALKGSEHRRATNVSVRLDA,0.9976707100868225,1,TP
comp166343_c0_seq9,XP_020674285.1,407,1,feng2017,SPRVTNPEVQKAAAALKGSDHRRATNVSARLDA,0.9979865550994873,1,TP
comp232336_c0_seq1,XP_020674285.1,679,1,feng2017,DMDADVITIENSRSDEKLLSVFREGVKYGAGIG,0.8370940089225769,1,TP
comp164991_c1_seq4,XP_020703947.1,70,1,feng2017,PVYGFHDPRSFVNSIQKPRVIIMLVKAGAPVDQ,0.46956688165664673,0,FN
comp164991_c1_seq4,XP_020703947.1,298,1,feng2017,APTIEASLDSRFLSGLKEERVEASKVFKSGGFD,0.9831363558769226,1,TP
comp175749_c0_seq3,YP_009472271.1,225,1,feng2017,GNDLYMEMKESGVINEKNIAESKVALVYGQMNE,0.9901766180992126,1,TP
comp169527_c1_seq3,XP_020678609.1,88,1,feng2017,KTSLAPGSGVVTKYLEKSGLQKYLNQLGFHIVG,0.6709526777267456,1,TP
comp170411_c0_seq3,XP_020691420.1,568,1,feng2017,KTSLAPGSGVVTKYLEKSGLQRYLNQLGFHIVG,0.5012857913970947,1,TP
comp167701_c0_seq2,XP_020683276.2,89,1,feng2017,PGLMACRAEFGPSQPFKGARISGSLHMTIQTAV,0.9573661684989929,1,TP
comp167701_c0_seq2,XP_020675158.1,138,1,feng2017,MKERLVGVSEETTTGVKRLYQMQISGSLLFPAI,0.9064174294471741,1,TP
comp167701_c0_seq2,XP_020675158.1,299,1,feng2017,DMLGLEALPGIKRITIKPQTDRWVFPDTNKGII,0.9793940782546997,1,TP
comp174359_c0_seq18,XP_020698310.1,357,1,feng2017,PPKPGDISYLKYSAESKAVLDSLRRRAHIMTDG,0.7296952605247498,1,TP
comp164911_c0_seq3,XP_020703503.1,458,1,feng2017,HEIFGPVQSILKFSDLKEVIKRSNASQYGLAAG,0.9999552965164185,1,TP
comp166169_c0_seq2,XP_020688659.1,396,1,feng2017,EVKIVIRGKSNDAVVTKMPFVATKYYKPSXXXX,0.81606525182724,1,TP
comp145650_c1_seq1,XP_028556140.1,213,1,feng2017,VSHNILLAHSEAARLYKDEYQAKQQGKVGISLP,0.9942902326583862,1,TP
comp210541_c0_seq1,XP_028556140.1,134,1,feng2017,EDEYGGFLDKRIVEDFKNFAKLCYEEFGDKVKN,0.9945558309555054,1,TP
comp174021_c0_seq2,XP_028554954.1,237,1,feng2017,DLSFEEQCSKLEKEAVKVSLENLKTYPYVKEGL,0.7983059883117676,1,TP
comp174021_c0_seq2,XP_028554954.1,244,1,feng2017,CSKLEKEAVKVSLENLKTYPYVKEGLEKKTLAL,0.9952117800712585,1,TP
comp174889_c2_seq14,XP_028554954.1,97,1,feng2017,DRLKSGFEQFKKEVYEKKPEVFNQLAEGQSPKF,0.9766329526901245,1,TP
comp149829_c0_seq1,XP_020701888.1,93,1,feng2017,VQEWWGVDFEVKNHAQKIANLAPGYRALIPDLY,0.5171917676925659,1,TP
comp147636_c0_seq2,XP_020682546.1,97,1,feng2017,PKVTKDGVTVAKSIEFKDRVKNIGASLVKQVAN,0.997117280960083,1,TP
comp147636_c0_seq2,XP_020682546.1,311,1,feng2017,TLILNKLRAGIKVCAIKAPGFGENRKAGLQDLA,0.8578155040740967,1,TP
comp155246_c0_seq1,XP_020680128.1,413,1,feng2017,VAVELEKAALSDDYFVKRKLYPNVDFYSGLIYR,0.5579698085784912,1,TP
comp166952_c0_seq3,XP_020686374.1,46,1,feng2017,KDKAVSGLTRGIEGLFKKNKVNYVKGYGKFTSP,0.9999535083770752,1,TP
comp166952_c0_seq3,XP_020686374.1,54,1,feng2017,TRGIEGLFKKNKVNYVKGYGKFTSPSEISVDTL,0.9984803795814514,1,TP
comp166952_c0_seq3,XP_020686374.1,91,1,feng2017,TIIKGKNIIIATGSEVKSLPGVTIDEQKIVSST,0.7283206582069397,1,TP
comp166952_c0_seq3,XP_020686374.1,311,1,feng2017,YTHPEVASVGKTEDQVKATGVDYRVGKFPFLAN,0.9981564879417419,1,TP
comp166952_c0_seq3,XP_020686374.1,346,1,feng2017,AKAIDDAEGIVKIIAEKETDKILGVHIMAPNAG,0.9768242239952087,1,TP
comp166952_c0_seq3,XP_020686374.1,405,1,feng2017,PTMSEALKEAAMATYDKPIHIXXXXXXXXXXXX,0.981314480304718,1,TP
comp151945_c0_seq36,XP_028555516.1,166,1,feng2017,PDLGNARIIVTGGRGLKSAENFKLLDKLAEKLG,0.9992109537124634,1,TP
comp172520_c1_seq6,XP_020680578.1,427,1,feng2017,RFAVRDMRQTVAVGVIKSVEKKDPSGAKVTKSA,0.9912384152412415,1,TP
comp164899_c1_seq4,XP_020683811.1,233,1,feng2017,GFAPNIQENKEGLELLKTAIAKSGYTGKVVIGM,0.9577091336250305,1,TP
comp164899_c1_seq4,XP_020692467.1,238,1,feng2017,IQENKEGLELLKTAIAKAGYTDKVVIGMDVAAS,0.9903650879859924,1,TP
comp164899_c1_seq4,XP_020692467.1,278,1,feng2017,QTYDLNFKEENNDGSQKILGDSLKNVYKSFVAE,0.5055721402168274,1,TP
comp164899_c1_seq4,XP_020692467.1,285,1,feng2017,KEENNDGSQKILGDSLKNVYKSFVAEYPILSIE,0.6827189922332764,1,TP
comp165327_c0_seq1,XP_028551760.1,75,1,feng2017,LREAKEIIKFARAQAQKQSAYLEHPRVCIDVIE,0.9413952231407166,1,TP
comp173714_c0_seq4,XP_020689146.1,45,1,feng2017,SIDVLYSLKDNYEQALKRNDVKAIVVTGSRGKF,0.9912974834442139,1,TP
comp173714_c0_seq4,XP_020689146.1,373,1,feng2017,LQSRVKKGKMTDEKFEKTLSLVKGVLDYESFRD,0.9864941835403442,1,TP
comp173714_c0_seq4,XP_020689146.1,519,1,feng2017,YTQSALLFVDRGLDVYKIDRACTKFGMPIGPFR,0.9223927855491638,1,TP
comp162725_c0_seq2,XP_020689016.1,167,1,feng2017,SAIGDFGDSKTVSLCVKRLVYTNDQGEIVKGVC,0.8604051470756531,1,TP
comp163873_c2_seq5,XP_020676442.1,157,1,feng2017,YGSISLITEPCRSAHLKALEVAKEAGVLLSYDP,0.5410212874412537,1,TP
comp173096_c0_seq15,XP_020689727.1,51,1,feng2017,LTVRAGSYADELVKTAKTVASPGRGILAMDESN,0.9954578876495361,1,TP
comp166827_c0_seq2,XP_020672315.1,282,1,feng2017,REGNDLYREMIESGVIKLGDKQDESKCALVYGQ,0.7415607571601868,1,TP
comp166827_c0_seq2,XP_020672315.1,453,1,feng2017,PHVLGEEHYNTARGVQKVLQNYKNLQDIIAILG,0.992262601852417,1,TP
comp148828_c0_seq1,XP_020686743.1,15,1,feng2017,XXMSGSGAKKVVETAVKATKAIDWDAMAKLIIS,0.9940586090087891,1,TP
comp148828_c0_seq1,XP_020686743.1,101,1,feng2017,ESVEIPKFVDTVTPQYKPKFDALLVELKEAEQT,0.854073703289032,1,TP
comp146475_c0_seq4,XP_020681491.1,21,1,feng2017,LHQLQTKAVQASQFVAKHGTSYYKQLLEQNKQY,0.1636885553598404,0,FN
comp168583_c0_seq7,XP_020686547.1,213,1,feng2017,SLKQLHDSLHAKSVEFKDIVKIGRTHTQDATPL,0.9997826218605042,1,TP
comp172860_c4_seq10,XP_028551650.1,252,1,feng2017,SCVPMDDSRASDFGLMKIDNKGRVIAFSEKPKG,0.7750667333602905,1,TP
comp157357_c0_seq22,XP_020689210.1,194,1,feng2017,CMNQSDLTGWTRIIVEKPFGKDLGSSEELSAQL,0.8081607818603516,1,TP
comp170673_c1_seq13,XP_020678136.1,316,1,feng2017,SDVSGAVKNDSGLDIQKLLKHSLESRGVKGFSG,0.5760013461112976,1,TP
comp165371_c0_seq4,XP_028550576.1,252,1,feng2017,ELPLRGFDDEMRAVVAKNLEGRGIRLHPGKNIQ,0.9926400184631348,1,TP
comp171695_c0_seq2,XP_028552346.1,180,1,feng2017,KGTVDGFSHVMFATGRKPNTKNLGLEEAGVKLD,0.9532607793807983,1,TP
comp169417_c0_seq12,XP_020696320.1,67,1,feng2017,KYDTVHGQWKHHEISVKDSKTLLFGDKPVTVFG,0.8693177103996277,1,TP
comp169417_c0_seq12,XP_020696320.1,118,1,feng2017,ESTGVFTDKDKAAAHLKGGAKKVIISAPSKDAP,0.9999954700469971,1,TP
comp169417_c0_seq12,XP_020696320.1,220,1,feng2017,GRAASFNIIPSSTGAAKAVGKVLPALNGKLTGM,0.9955077171325684,1,TP
comp169417_c0_seq12,XP_020696320.1,224,1,feng2017,SFNIIPSSTGAAKAVGKVLPALNGKLTGMAFRV,0.9968181848526001,1,TP
comp169417_c0_seq12,XP_020696320.1,256,1,feng2017,VPTVDVSVVDLTVRIEKAATYEDIKAAIKEESE,0.9970822930335999,1,TP
comp169417_c0_seq12,XP_020696320.1,264,1,feng2017,VDLTVRIEKAATYEDIKAAIKEESEGKLKGIIG,0.9881728291511536,1,TP
comp159961_c0_seq2,XP_020683648.1,117,1,feng2017,VAINDTGGVKQASHLLKYDSTLGIFDADVKTAG,0.6196172833442688,1,TP
comp159961_c0_seq2,XP_020683648.1,238,1,feng2017,SCTTNCLAPFVKVLDQKFGIIKGTMTTTHSYTG,0.1315537989139557,0,FN
comp174139_c0_seq20,XP_020697317.1,879,1,feng2017,VSGTVAHEFIVDLRGFKQTAGIEAEDVAKRLID,0.8174757957458496,1,TP
comp168855_c1_seq4,XP_020702866.1,117,1,feng2017,RLIGRKFEDKEVQRDMKLVPYKIVNKDGKPYIQ,0.9997619986534119,1,TP
comp168855_c1_seq4,XP_020701027.2,65,1,feng2017,GILNVKAEDKGTGRSEKITITNDKGRLSQEEIE,0.9925453066825867,1,TP
comp153627_c0_seq9,XP_020672589.1,80,1,feng2017,RKLPFQRLVREIAQDFKTDLRFQSHAVLALQEA,0.9879636764526367,1,TP
comp153627_c0_seq9,XP_020672589.1,123,1,feng2017,DTNLCAIHAKRVTIMPKDIQLARRIRGERAXXX,0.9998055100440979,1,TP
comp175489_c0_seq4,XP_028552868.1,685,1,feng2017,EDGYYVILGRSNADIMKVGGYKLSALEIEAVLL,0.9106208086013794,1,TP
comp154764_c0_seq3,XP_020683921.1,342,1,feng2017,FNDYSSVGYSLLLKKEKSIIVQPDRVIVANGPA,0.8184260725975037,1,TP
comp170490_c1_seq7,XP_020683422.1,356,1,feng2017,LITTLFATDFFEIKAVKEIEPALKRQLIISTAL,0.5422108769416809,1,TP
comp170490_c1_seq7,XP_020683422.1,363,1,feng2017,TDFFEIKAVKEIEPALKRQLIISTALMTVGIAI,0.04440544173121452,0,FN
comp170490_c1_seq7,XP_020683422.1,568,1,feng2017,VSLALFGAFVSRAAISKVDVLTPKVFIGLIVGA,0.3205364942550659,0,FN
comp161706_c3_seq9,XP_020684050.1,468,1,feng2017,KLEAACVGTVESGKMTKDLALIVHGPKVTRDLY,0.9175771474838257,1,TP
comp172642_c0_seq9,XP_020693990.1,151,1,feng2017,TLVSHQESLESKVNETKAMVKFQLKKVLCMGVA,0.9305002689361572,1,TP
comp157114_c0_seq4,XP_020674029.1,83,1,feng2017,MNTKPSHGPIHFRAPAKILWRTIRGMIPHKTKR,0.27922162413597107,0,FN
comp150244_c0_seq2,XP_028549797.1,163,1,feng2017,GNDIELVSRSAALINQKCHVKNKDIRKFLDGIY,0.9347404837608337,1,TP
comp166248_c1_seq1,XP_020701128.1,186,1,feng2017,FDPLGFSKNPEKFNDFKVKEIKNGRLALLAFVG,0.9984315037727356,1,TP
comp164298_c0_seq13,XP_020692087.1,121,1,feng2017,GCITPEVLQKWLRVDFKEPVWFKAGSQIFSEGG,0.9093965888023376,1,TP
comp156186_c1_seq13,XP_020700404.1,134,1,feng2017,PAGVPRKPGMTRDDLFKINAGIVRTLCEGVAKF,0.9926704168319702,1,TP
comp156186_c1_seq13,XP_020700404.1,343,1,feng2017,LSEFERVGLEKAKKELKESIHKGVSFIRNAXXX,0.9966737031936646,1,TP
comp159100_c0_seq9,XP_020702284.1,105,1,feng2017,GGFPRKEGMERKDVMSKNVSIYKSQASALEKHA,0.6154720187187195,1,TP
comp159100_c0_seq9,XP_020702284.1,151,1,feng2017,NTNALILKEFAPSIPEKNITCLTRLDHNRALGQ,0.8047246932983398,1,TP
comp165529_c0_seq1,XP_020684035.2,335,1,feng2017,LSDFEKQGLESLKSELKSSIEKGIKFANENXXX,0.9972732663154602,1,TP
comp165529_c0_seq1,XP_020684035.2,340,1,feng2017,KQGLESLKSELKSSIEKGIKFANENXXXXXXXX,0.9991687536239624,1,TP
comp168439_c3_seq5,XP_020676952.1,82,1,feng2017,TLLRDPHHNKGLAFTEKERDAHYLRGLLPPISI,0.9841354489326477,1,TP
comp168439_c3_seq5,XP_020676952.1,282,1,feng2017,TGQEYSELLHEFMRAVKQNYGEKVLVQFEDFAN,0.3756648302078247,0,FN
comp168439_c3_seq5,XP_020676952.1,423,1,feng2017,HEHEPVGNLLDAVKAIKPTILVGSSGAGKTFTK,0.7125730514526367,1,TP
comp170646_c0_seq5,XP_020677749.1,636,1,feng2017,ELRQAIAGDDIDRIQAKLDAANKAVSKIGQHMS,0.9722182154655457,1,TP
comp172281_c1_seq1,XP_020673044.1,327,1,feng2017,RVEHVDHSRKSAEHAVKAIKAAEEGTNIEEYDY,0.8255067467689514,1,TP
comp139982_c0_seq2,XP_020703046.1,63,1,feng2017,KSEVTDRVITVVKNFQKVDPSKVTPKANFQTDL,0.9910438060760498,1,TP
comp155616_c0_seq3,XP_020687010.1,107,1,feng2017,AIGVNFIDVYYRKGVYKTDLPFTPGRESVGVVT,0.7531241774559021,1,TP
comp162064_c1_seq3,XP_020675421.1,47,1,feng2017,YLKGLKLITVERSFAEKHYEDLSAKPFFAGLVE,0.9609540700912476,1,TP
comp165599_c1_seq2,XP_020687572.1,180,1,feng2017,GVIKYGRKLIGATDPQKSEPGTIRGDLAVVVGR,0.9998158812522888,1,TP
comp159637_c1_seq13,XP_020693832.1,242,1,feng2017,AKKFYRAEEYHQQYLEKGGRFGFQQSASKGCND,0.925945520401001,1,TP
comp167329_c0_seq6,XP_020682857.1,97,1,feng2017,GGESIYGQKFDDENFTKKHIGPGILSMANAGLG,0.9979296922683716,1,TP
comp162320_c4_seq6,XP_020680031.1,189,1,feng2017,TLAGRETYVIDKKGVVKLVYNNQFQPEKHVDET,0.959816575050354,1,TP
comp156116_c0_seq3,XP_020672336.1,798,1,feng2017,LPVWLGFGTAFKHAIEKDIKNLHMLQEMYNEWP,0.7868706583976746,1,TP
comp171968_c1_seq18,XP_020675747.1,262,1,feng2017,IWKGVPKFLRRVDTALKNIGIDERVPYNAPLIQ,0.9307408332824707,1,TP
comp167518_c1_seq1,XP_020678278.1,11,1,feng2017,XXXXXXMAAKRSVGDLKGADLKGKKVLVRVDLN,0.9999995231628418,1,TP
comp167518_c1_seq1,XP_020678278.1,78,1,feng2017,CSHLGRPKGVTPKYSLKPLVPRISELLGIDVLM,0.9999508857727051,1,TP
comp167518_c1_seq1,XP_020678278.1,125,1,feng2017,ALPDGGVVLLENVRFYKEEEKNDPEFAKKLASL,0.9995104074478149,1,TP
comp167518_c1_seq1,XP_020678278.1,129,1,feng2017,GGVVLLENVRFYKEEEKNDPEFAKKLASLADLY,0.9998981952667236,1,TP
comp169308_c1_seq3,XP_020689384.1,402,1,feng2017,EIPSDVGITFNVQPKMKALEIAEKARDAILSGK,0.8395847082138062,1,TP
comp169308_c1_seq3,XP_020689384.1,409,1,feng2017,ITFNVQPKMKALEIAEKARDAILSGKFDQVRVN,0.7994152307510376,1,TP
comp169726_c0_seq8,XP_020682631.1,242,1,feng2017,HQLISAAVSDGKLYICKAQAGDKRWFKGARKFV,0.860202431678772,1,TP
comp160611_c0_seq11,YP_009472263.1,457,1,feng2017,HLWHAGRARAAAAGFEKGIDRDLEPVLSMTPLS,0.9945307374000549,1,TP
comp167728_c0_seq3,XP_020702173.1,149,1,feng2017,KYYVKKLCLEPTSFTVKAEGVSKNAPPDFQPTK,0.9731394648551941,1,TP
comp168827_c0_seq5,XP_020688941.1,213,1,feng2017,GHTSDAKLLPRGDTAVKGPVVRLFKPFDELFVD,0.969961941242218,1,TP
comp165270_c0_seq4,XP_020673289.1,386,1,feng2017,IRNADEKTLSTISSEVKELAERARNGKLKPEQF,0.9648895859718323,1,TP
comp168112_c0_seq2,XP_020682619.1,290,1,feng2017,GRIVKADVEDYLASAAKTVPHAKAGVSGTVQAL,0.9434390068054199,1,TP
comp168012_c0_seq30,XP_020688533.1,26,1,feng2017,RVFTFGKGKTEGNKSMKALLGGKGANLAEMASI,0.9793311953544617,1,TP
comp168012_c0_seq30,XP_020688533.1,164,1,feng2017,MFGDVVMGIPHSRFEEKLEALKASKGVSQDTEL,0.7480430603027344,1,TP
comp168012_c0_seq30,XP_020688533.1,238,1,feng2017,SWDSPRAVKYRSINNIKGLKGTAVNIQCMVFGN,0.9347371459007263,1,TP
comp168012_c0_seq30,XP_020688533.1,303,1,feng2017,EDVVAGIRTPEDLDTMKLRMPEAYNELVENCSI,0.002196420216932893,0,FN
comp168012_c0_seq30,XP_020688533.1,489,1,feng2017,KCCISGCSDIRISESQKIIAVGDKVIHEGDWLS,0.029646575450897217,0,FN
comp163987_c1_seq6,XP_020695604.1,156,1,feng2017,VQVAKEVEECRKEHPEKFIRIIGFDNVRQVQCI,0.6677451133728027,1,TP
comp163987_c1_seq6,XP_020695604.1,178,1,feng2017,GFDNVRQVQCISFIAYKPKGTEYINXXXXXXXX,0.23811593651771545,0,FN
comp173289_c0_seq9,XP_020694977.1,166,1,feng2017,CEQSSTIHLHRTINQIKSLGAKAGVVLNPATPL,0.8208326697349548,1,TP
comp173289_c0_seq9,XP_020694977.1,272,1,feng2017,VAGSAVFGAKDYAEAIKGIKTSKRPETVPVXXX,0.9996057152748108,1,TP
comp172449_c0_seq3,XP_020673233.1,67,1,feng2017,LSRIRNAARELLTLDEKNPKRIFEGEALLRRMF,0.9906033873558044,1,TP
comp155969_c0_seq5,XP_020691584.1,104,1,feng2017,VSGAVSKTITAPIERVKLLIQNQDEMIKSGRLS,0.7157184481620789,1,TP
comp155969_c0_seq5,XP_020691584.1,343,1,feng2017,DAFSQILKNEGLKSLFKGAGANILRAVAGAGVL,0.9972894191741943,1,TP
comp155969_c0_seq5,XP_020698325.1,118,1,feng2017,PIERVKLLIQNQDEMIKAGRLSEPYKGIGDCFA,0.8861004114151001,1,TP
comp155969_c0_seq5,XP_020698325.1,220,1,feng2017,FVYSLDYARTRLANDAKAAKKGGERQFNGLVDV,0.9955000281333923,1,TP
comp155969_c0_seq5,XP_020698325.1,324,1,feng2017,IDTVRRRMMMTSGEAVKYKSSLDAFNQILKNEG,0.7589401602745056,1,TP
comp155969_c0_seq5,XP_020698325.1,326,1,feng2017,TVRRRMMMTSGEAVKYKSSLDAFNQILKNEGAK,0.7235147356987,1,TP
comp155969_c0_seq5,XP_020698325.1,337,1,feng2017,EAVKYKSSLDAFNQILKNEGAKSLFKGAGANIL,0.9989989399909973,1,TP
comp155969_c0_seq5,XP_020698325.1,342,1,feng2017,KSSLDAFNQILKNEGAKSLFKGAGANILRAVAG,0.9622652530670166,1,TP
comp165693_c0_seq2,XP_020690282.2,92,1,feng2017,EQAIEYGTKMVGGVTPKKGGTEHLGLPVFNSVA,0.551490068435669,1,TP
comp159942_c0_seq2,XP_020676420.1,59,1,feng2017,GINVPKGVAVSSVDEVKQALKNVFPQKKELVVK,0.987478494644165,1,TP
comp159942_c0_seq2,XP_020676420.1,93,1,feng2017,QILAGGRGLGTFKSGLKGGVHIVKVEEVENIAG,0.9732474088668823,1,TP
comp159942_c0_seq2,XP_020676420.1,119,1,feng2017,EVENIAGKMLGQILVTKQTGPQGKIVSKVYLCE,0.577782928943634,1,TP
comp159942_c0_seq2,XP_020676420.1,126,1,feng2017,KMLGQILVTKQTGPQGKIVSKVYLCEKLSLVNE,0.6230947971343994,1,TP
comp159942_c0_seq2,XP_020676420.1,188,1,feng2017,AEKFPDMIIKVPIDVFKGITDEDAAKVVDGLAP,0.9335082769393921,1,TP
comp159942_c0_seq2,XP_020676420.1,205,1,feng2017,GITDEDAAKVVDGLAPKVADRNASIEQVKKLYE,0.9797908663749695,1,TP
comp159942_c0_seq2,XP_020676420.1,217,1,feng2017,GLAPKVADRNASIEQVKKLYELFCKSDCTLLEI,0.7249568700790405,1,TP
comp159942_c0_seq2,XP_020676420.1,262,1,feng2017,AADAKLNFDDNAAFRQKEIFALRDSSQEDPREV,0.8965170383453369,1,TP
comp166977_c3_seq1,XP_020703897.1,197,1,feng2017,ELQLAFHQGKYFAGITKKFKASSXXXXXXXXXX,0.9792732000350952,1,TP
comp161943_c1_seq9,XP_020705772.1,139,1,feng2017,FYYKMKGDYYRYLAEFKTGNDRKEVADQSLKAY,0.9450392723083496,1,TP
comp166043_c0_seq11,XP_020674602.1,10,1,feng2017,XXXXXXXMAAVASETEKISKLQTAVAGLDQISE,0.32032665610313416,0,FN
comp166043_c0_seq11,XP_020674602.1,404,1,feng2017,ARENPANPSIELGPEFKKVANFLARFKSIPSIV,0.9898219108581543,1,TP
comp149171_c0_seq4,XP_020701078.1,237,1,feng2017,YALYTVTLFGRVADNFKTSARERGFQVREFEYS,0.9760998487472534,1,TP
comp117879_c0_seq1,XP_020676934.2,74,1,feng2017,NNDSFIEETKHEMIELKRGSSSNGVEDEEEEVG,0.05184640362858772,0,FN
comp120617_c0_seq1,XP_028555978.1,86,1,feng2017,NLLAVFNYVKGKHNVLKVTGPAFRSCNKTVSSP,0.8481917381286621,1,TP
comp127953_c0_seq1,XP_020684007.1,114,1,feng2017,ATSHFKVEPKGAGSIVKLTGTYKALPGVDSTED,0.7297868132591248,1,TP
comp127953_c0_seq1,XP_020684007.1,120,1,feng2017,VEPKGAGSIVKLTGTYKALPGVDSTEDIKKAKE,0.9941427111625671,1,TP
comp127953_c0_seq1,XP_020684007.1,132,1,feng2017,TGTYKALPGVDSTEDIKKAKEGFIKSVKAVEEF,0.992119550704956,1,TP
comp128907_c0_seq1,XP_020691402.1,158,1,feng2017,IKVVPTFKVLKGSKVVKEVTGAKLDDIILAIET,0.9837686419487,1,TP
comp138407_c0_seq1,XP_020671786.2,96,1,feng2017,TPQFRISCAAKTETLEKVCKIVKEQLALPKGTS,0.8960440754890442,1,TP
comp146749_c0_seq1,XP_020682299.1,59,1,feng2017,LAFLQERLQQYRIVEMKLLAQQRDLQAKIPDIE,0.09539969265460968,0,FN
comp148534_c0_seq2,XP_020691145.1,74,1,feng2017,VGSRRASWRIISSIEQKEEGRGASDRAAAARDY,0.9855750799179077,1,TP
comp148534_c0_seq2,XP_020691145.1,141,1,feng2017,FYYKMKGDYHRYLAEFKSGDERKEAAENTLSSY,0.9767293930053711,1,TP
comp148829_c0_seq2,XP_020689112.1,578,1,feng2017,AEELAEGCGDVGIKELKNMSKEETEEYVARNMW,0.6994114518165588,1,TP
comp148994_c0_seq1,XP_020701951.1,46,1,feng2017,SASSAAAVDSLILRSLKEHYLEVSKMSPPPKVN,0.4656201899051666,0,FN
comp149644_c0_seq1,XP_020692045.1,171,1,feng2017,LDAQIKDGYAKVAANLKFFNSIEGKFLLTSKLS,0.7404005527496338,1,TP
comp150221_c0_seq1,XP_020675804.1,235,1,feng2017,ASACSLPFDYVKTQIQKMQPDADGKYPYTGSLD,0.3446390926837921,0,FN
comp151756_c0_seq1,XP_020680353.1,85,1,feng2017,CDNEHECTPTEYLRHQKSIMKSQRNGILIACAL,0.21153245866298676,0,FN
comp151900_c0_seq1,XP_020683153.1,19,1,feng2017,PGLYSEIGKKARDLLYKDFLTDQKFSVTTYTAN,0.9927583932876587,1,TP
comp151958_c0_seq3,XP_020699945.1,144,1,feng2017,VKQDSKVIEANERKLAKVLDVYEQRLGESRFLA,0.999433696269989,1,TP
comp152357_c0_seq3,XP_020689035.1,45,1,feng2017,TTPRTAENFRALCTGEKGIGKSGKPLHFKGSTF,0.9928467869758606,1,TP
comp152357_c0_seq3,XP_020689035.1,152,1,feng2017,VFGQVVEGLDVIRAVEKVGSSSGRTSKTVTIAD,0.9779713749885559,1,TP
comp152413_c1_seq5,XP_020672664.1,131,1,feng2017,KGSTLYGFRGGPAGIMKCKYVELTPEFIYPYRN,0.12403182685375214,0,FN
comp152413_c1_seq5,XP_020699342.2,16,1,feng2017,XMICSGRDKIETPEQFKQAEETVLKLNLDGLVV,0.980859100818634,1,TP
comp153410_c0_seq6,XP_020677899.1,129,1,feng2017,VKPSRENCLAVESPILKKDGKVVQDLVLRLRNV,0.5183209776878357,1,TP
comp153906_c0_seq3,XP_020684321.1,19,1,feng2017,RVRTKTVKKSSRQVIEKYYSRMTLDFHTNKKVL,0.8096736073493958,1,TP
comp154377_c0_seq2,XP_020673691.1,174,1,feng2017,YSGLEHQVVRGVVESLKIITRQASLRVAEYAFH,0.8123788237571716,1,TP
comp154760_c0_seq7,XP_020672295.1,48,1,feng2017,DKEGIPPDQQRLIFAGKQLEDGRTLADYNIQKE,0.9928955435752869,1,TP
comp154789_c0_seq7,XP_020683197.1,121,1,feng2017,DPAKYKSITSGFGVLLKEQGARGFFRGWVPTLI,0.9913802742958069,1,TP
comp154789_c0_seq7,XP_020683197.1,218,1,feng2017,QPGFARGMSDGFPKFVKSEGALGLYKGLVPLWG,0.9989966750144958,1,TP
comp155217_c0_seq1,XP_020678198.1,187,1,feng2017,VKVIVTSVIPLPEQEEKELKQTLQNILGAGKTV,0.6998336911201477,1,TP
comp155217_c0_seq1,XP_020678198.1,204,1,feng2017,ELKQTLQNILGAGKTVKLQQKIDPRILGGLVIE,0.995579183101654,1,TP
comp155217_c0_seq1,XP_020678198.1,208,1,feng2017,TLQNILGAGKTVKLQQKIDPRILGGLVIEFDQK,0.8174063563346863,1,TP
comp155229_c0_seq1,XP_020694759.1,304,1,feng2017,YTGGMVPDVNQIIVKEKGIFTNVTSPSAKAKLR,0.9102592468261719,1,TP
comp156295_c0_seq2,XP_020703193.1,134,1,feng2017,QRLNSLVMGSRGLSPLKRILLGSVTSYVVSHAV,0.8737872838973999,1,TP
comp156388_c0_seq1,XP_020674765.1,130,1,feng2017,FMYERDAAIRAQLGDVKDTSGEVKQLEEQAAAV,0.9948921203613281,1,TP
comp156529_c0_seq2,XP_020679710.1,258,1,feng2017,RELLVGKNDELLKTETKTIARADVAEVSIQALQ,0.9103395938873291,1,TP
comp156597_c1_seq5,XP_020674016.1,66,1,feng2017,SKARYTVRSFGIRRNEKIACYVTVRGEKAMQLL,0.8393341898918152,1,TP
comp157289_c0_seq1,XP_020679983.1,76,1,feng2017,NKKGSETYKIYIFKVLKQVHPDIGISSKAMSIM,0.8991149067878723,1,TP
comp157754_c0_seq3,XP_020693235.1,50,1,feng2017,ALSTIKAAVQSAVANEKRMGASLLRLHFHDCFV,0.9842775464057922,1,TP
comp157862_c0_seq2,XP_028556173.1,487,1,feng2017,RSLGADRVIDYKKENIKDVLKNEFPKGVDIIYE,0.9995912909507751,1,TP
comp157948_c1_seq3,XP_020673840.2,124,1,feng2017,QVLVKVFAAGLNPVDYKRRQGKFKATDSPLPTV,0.9355273246765137,1,TP
comp158395_c0_seq2,XP_020685020.1,41,1,feng2017,DNHLLPGDRLNPGNFLKQDRYMLIMQEDCNLVL,0.08134428411722183,0,FN
comp158395_c0_seq2,XP_020685020.1,126,1,feng2017,NYVIILQKDGNLVLYSKPIFATGTNRFGSTAVV,0.2792389988899231,0,FN
comp158587_c0_seq2,XP_020685907.1,116,1,feng2017,YRVPISSRNILEDPVLKEGVKAFSNWPTFPQIF,0.3606528639793396,0,FN
comp159602_c0_seq6,XP_020691110.1,280,1,feng2017,VTRVVATRAELDLKVIKDLYYKRNSVPLVRAIK,0.9703536033630371,1,TP
comp159855_c0_seq1,XP_020684549.1,80,1,feng2017,GGPGAANVLPYVESDLKRIAARVIEKARELCVA,0.9976824522018433,1,TP
comp160560_c0_seq15,XP_020685279.1,137,1,feng2017,GAAGFCWGAKVVAELAKADEIKAAVMLHPSLVT,0.7787784337997437,1,TP
comp160653_c0_seq2,XP_020694508.2,123,1,feng2017,VSATYPLLELFFKYQEKYYNGPTKNLSREAIVD,0.7679386734962463,1,TP
comp161053_c0_seq1,XP_020684196.1,67,1,feng2017,LQTGKWNVYRSARSPLKLVSRYPEHPDIGTLHD,0.4544192850589752,0,FN
comp161309_c0_seq4,XP_028548388.1,478,1,feng2017,EILFIDGETSNKTKELKFLDRIKHALAGTGDPL,0.08715075254440308,0,FN
comp161321_c0_seq2,XP_020680499.1,483,1,feng2017,VAELFARIDAVDPSTVKRVANRFIFDQDVAIAA,0.9938342571258545,1,TP
comp161405_c1_seq7,XP_020698093.1,249,1,feng2017,RDLDVYRNLLSKLVQAKELLKEYVDREKKKREE,0.4927138090133667,0,FN
comp161507_c0_seq16,XP_020672144.1,132,1,feng2017,DVPQTAENFRSLCTGEKGFGYKGCIFHRVIKDF,0.9606086015701294,1,TP
comp161766_c2_seq2,XP_020676882.1,197,1,feng2017,GDLLNKYLYLTGRVDMKQIERTIQYLIGSGMDP,0.831061065196991,1,TP
comp162076_c0_seq8,XP_020688014.1,70,1,feng2017,AGFIWLIQKKKKDHVFKQIKRAVSYAPEVTAFV,0.3331148624420166,0,FN
comp162807_c0_seq2,XP_020685566.1,67,1,feng2017,LVIKAATVVVPKYTSIKPLGERVLVKIKISEEK,0.9788116812705994,1,TP
comp162988_c1_seq5,XP_020676817.1,121,1,feng2017,TGWEEYTLIKAPEFLVKIKYTDVPLSYYTGILG,0.04062265157699585,0,FN
comp162988_c1_seq5,XP_020676817.1,337,1,feng2017,NAPAALIGLFSGRNVGKQVVLIAHEXXXXXXXX,0.7073965668678284,1,TP
comp163007_c0_seq2,XP_020685919.1,169,1,feng2017,LSIRDRGIGMTKEDLIKNLGTIAKSGTSAFVEK,0.9953033924102783,1,TP
comp163008_c0_seq2,XP_020680536.1,368,1,feng2017,DWELINETQPIWLRNPKDVTTDEYNEFYKKTFN,0.9663799405097961,1,TP
comp163973_c0_seq15,XP_020690895.1,56,1,feng2017,EVLLKLEAASINPVDWKIQKGAIRPFLPAKFPF,0.902961790561676,1,TP
comp164058_c0_seq10,XP_020694316.1,141,1,feng2017,IRFFQLYVYKRRDVSAKLVQRAESCGFKAIVVT,0.8682985305786133,1,TP
comp164059_c0_seq8,XP_020685501.1,257,1,feng2017,PEGRIPQWDKASVQEMKRKFSSIGFGPRQLAVM,0.9371290802955627,1,TP
comp164432_c0_seq2,XP_020673292.1,380,1,feng2017,SEDLPLNISRETLQQNKILKVIRKNLVKKCIEL,0.13484402000904083,0,FN
comp164432_c0_seq2,XP_020673292.1,558,1,feng2017,QGLCTVIKDVLGDKVEKVVVSDRVVDSPCVLVT,0.9393094182014465,1,TP
comp164950_c1_seq1,XP_020692203.1,426,1,feng2017,AQGRIDPNQNTGTSIQKCRLVPSQDLKPVTGSF,0.050585050135850906,0,FN
comp165523_c0_seq1,XP_020674979.1,124,1,feng2017,PMLPTIFKSLGTEYDEKVLPSIGNEVLKAVVAQ,0.7064550518989563,1,TP
comp165780_c0_seq3,XP_020685101.1,177,1,feng2017,AQLKPGDVLEVKGPIEKLRYSPNMKKKLGMVAG,0.9535529017448425,1,TP
comp165780_c0_seq3,XP_020685101.1,185,1,feng2017,LEVKGPIEKLRYSPNMKKKLGMVAGGTGITPMV,0.45462527871131897,0,FN
comp165780_c0_seq3,XP_020685101.1,209,1,feng2017,GGTGITPMVQVIKAILKNPDDKTQVSLIYANVS,0.839702844619751,1,TP
comp166158_c0_seq5,XP_020703169.1,261,1,feng2017,KSVVEFDNAKVLVTDQKISTIKEIIPLLEKTTQ,0.707711935043335,1,TP
comp166449_c0_seq3,XP_020702898.1,359,1,feng2017,IGSKALHGDMQQSQRDKTLAAFRDGRFRALVAT,0.9533463716506958,1,TP
comp166487_c0_seq7,XP_020696274.2,74,1,feng2017,AVKVTMGPKGRNVIIEKNHKDPKITKDGVTVAK,0.9979487061500549,1,TP
comp166487_c0_seq7,XP_020696274.2,276,1,feng2017,SDIHMDHLIRILELALKRRRALLIVAEDLEGDA,0.992345929145813,1,TP
comp166660_c0_seq2,XP_020691195.1,134,1,feng2017,AKRQAVVNPENTFFSVKRFIGRKMSEVDEEAKQ,0.8699412941932678,1,TP
comp166847_c0_seq7,XP_020700853.1,46,1,feng2017,IRLLTDQDCRVEICTEKKTILSVEDIIALIGNK,0.040425196290016174,0,FN
comp167321_c2_seq5,XP_020704791.1,618,1,feng2017,DEIDYVRFLCGQGYTTKNLRLVTGDSSSCTAKT,0.5802201628684998,1,TP
comp167978_c0_seq3,XP_020689488.1,162,1,feng2017,VVGETFVFPRGLVHFQKNNGDKAAAVISGFNSQ,0.9036467671394348,1,TP
comp167978_c0_seq3,XP_020689488.1,210,1,feng2017,PPVPDNVLSKAFQISTKEVEKIKSRFAPKSXXX,0.9946324825286865,1,TP
comp168079_c0_seq2,XP_020703251.1,9,1,feng2017,XXXXXXXXMTAYIGKYKDELIANAAYIGTPGKG,0.9966411590576172,1,TP
comp168079_c0_seq2,XP_020703251.1,94,1,feng2017,TLYQKTADGKPFVEVLKEGGVLPGIKVDKGTVE,0.9939127564430237,1,TP
comp168079_c0_seq2,XP_020703251.1,225,1,feng2017,YKALNDHHVLLEGTLLKPNMVTPGSDSAKVAHE,0.7279391288757324,1,TP
comp168079_c0_seq2,XP_020679120.1,103,1,feng2017,KPFVDVLNEGGVLPGIKVDKGTIELAGTKGETT,0.9472711682319641,1,TP
comp168079_c0_seq2,XP_020679120.1,132,1,feng2017,GETTTQGHDDLGKRCAKYYEAGARFAKWRSVLN,0.999037504196167,1,TP
comp168079_c0_seq2,XP_020679120.1,306,1,feng2017,WSLSFSFGRALQQSTLKAWAGKVENVEKARASF,0.998121440410614,1,TP
comp168146_c0_seq8,XP_020680246.1,70,1,feng2017,RRMTVVFAKKKAVAVLKGSSKVEGVVTLVQEDD,0.9365862607955933,1,TP
comp168471_c0_seq12,XP_020702546.1,241,1,feng2017,VFVGKASRSEKVRKAVKESFSKAEVWEGIDDPD,0.9971394538879395,1,TP
comp168471_c0_seq2,XP_020702553.2,215,1,feng2017,ENVLGILKNILESPNIKKTEADKLVFVGKASMS,0.7367353439331055,1,TP
comp168762_c0_seq9,XP_020703956.1,490,1,feng2017,EGIVVGGGCTLLRLASKVDAIKETLENEEQKVG,0.9578759074211121,1,TP
comp169021_c0_seq2,XP_020675384.1,148,1,feng2017,EDEGAQLLDIREGKELKEAGSPDLRGLKKKSVT,0.9990020394325256,1,TP
comp169021_c0_seq2,XP_020675384.1,184,1,feng2017,RGEDKAGFLNKLALKFKDPGNTTLFIIDKFDGN,0.9941710829734802,1,TP
comp169078_c0_seq9,XP_020675701.1,75,1,feng2017,IGARRASWRIISSIEQKEESRGNEDHVALIKEY,0.9677524566650391,1,TP
comp169078_c0_seq9,XP_020675701.1,142,1,feng2017,FYLKMKGDYHRYLAEFKTGAERKDAAENTLLAY,0.9919147491455078,1,TP
comp169096_c0_seq6,XP_020687220.1,98,1,feng2017,NRIFPSRDPTMDQTFFKNLRLTCPSSNSTNTTV,0.07676037400960922,0,FN
comp169317_c0_seq4,XP_020700308.1,280,1,feng2017,DMDLSYNVHRVQEYVQKGGFKRDVPFLQEVVVM,0.9321569204330444,1,TP
comp169409_c2_seq5,XP_020691485.1,189,1,feng2017,LSHLPNAELLMQIKETKEIFSKHANVKRWWGQI,0.7510092854499817,1,TP
comp169771_c1_seq8,XP_020688662.1,181,1,feng2017,GNLDRSIQFYEKACGMKLLKKSDNAAYKYTIAM,0.8487535119056702,1,TP
comp169851_c0_seq2,XP_020680357.1,177,1,feng2017,AELKAPGGCNNACTVFKTDKYCCNSGSCGPTNY,0.24093587696552277,0,FN
comp169851_c0_seq2,XP_020680357.1,198,1,feng2017,CCNSGSCGPTNYSRFFKNLCPDAYSYPKDDQTS,0.1264663189649582,0,FN
comp170465_c0_seq5,XP_028554349.1,178,1,feng2017,YAFKTSANSTIRLRIEKMSNKYGSPTMDDIEAF,0.07269182801246643,0,FN
comp170506_c0_seq2,XP_020682046.1,522,1,feng2017,FAQVPHLNHQGKKNTMKTTLKLCITELLQDIGA,0.195478618144989,0,FN
comp170583_c0_seq12,XP_020687327.1,119,1,feng2017,LKRKLLDQLFGTDRGLKATSETRAEVNELITQL,0.5217112898826599,1,TP
comp170786_c2_seq2,XP_020677041.1,20,1,feng2017,PGLFSDIGKKAKDLLTKDYSYDQKLTISTRSAT,0.9935359954833984,1,TP
comp170786_c2_seq2,XP_020677041.1,27,1,feng2017,GKKAKDLLTKDYSYDQKLTISTRSATGVALTSG,0.9629705548286438,1,TP
comp170988_c0_seq6,XP_020698893.1,384,1,feng2017,PNSGTAALLELAQRLEKLQNRGWKPRRTIVICN,0.6683393716812134,1,TP
comp171502_c2_seq2,XP_020675705.1,249,1,feng2017,FVRNYMESVFSRESFVKTQALREDVIAGWRPKV,0.5376014709472656,1,TP
comp171642_c0_seq3,XP_020694882.2,245,1,feng2017,DEAFNYKKESDLNLALKRYFPQGIDIYFDNVGG,0.8083703517913818,1,TP
comp172250_c0_seq4,XP_020696268.1,191,1,feng2017,LNTVISAKPKEEKKALKQLTSKLFSTIDDLDHA,0.9464316368103027,1,TP
comp172657_c0_seq3,XP_020681831.1,332,1,feng2017,VLSGGAPLSREVIEGFKEKYPTVEILQGYGLTE,0.8028951287269592,1,TP
comp172657_c0_seq3,XP_020681831.1,525,1,feng2017,GKQVAPYKKVRRVAFVKEIPKNPSGKILRKDLI,0.9991389513015747,1,TP
comp172657_c0_seq3,XP_020681831.1,542,1,feng2017,EIPKNPSGKILRKDLIKLATSKLXXXXXXXXXX,0.9994069337844849,1,TP
comp173148_c1_seq5,XP_028554520.1,87,1,feng2017,NVMTPQQQIVRFMLDMKRFQVNARDGPSDPNSL,0.6306288838386536,1,TP
comp173148_c1_seq5,XP_028554520.1,235,1,feng2017,PQRVLPIMIDVGTNNEKLLKDPLYLGLQQHRLD,0.8763477206230164,1,TP
comp173486_c1_seq1,XP_020674550.1,32,1,feng2017,AKRHRKVLRDNIQGITKPAIRRLARRGGVKRIS,0.9990731477737427,1,TP
comp173486_c1_seq1,XP_020674550.1,92,1,feng2017,HARRKTVTAMDVVYALKRQGRTLYGFGGXXXXX,0.9907049536705017,1,TP
comp173527_c0_seq6,XP_020680139.1,785,1,feng2017,DPLSHDQLKKVARLQMKDVAVRLAERGIALGVT,0.9999802112579346,1,TP
comp173626_c0_seq2,XP_020700527.1,111,1,feng2017,ANGVWVDASLSLKSTFKDVITSAYKAETKALDF,0.7196973562240601,1,TP
comp173626_c0_seq2,XP_020700524.1,178,1,feng2017,VTSAYKAETKALDFQAKADDARQEVNSWVQIRT,0.8025668859481812,1,TP
comp174253_c1_seq11,XP_020687755.1,51,1,feng2017,KEEKNLILGEKSELLLKSNPVHKKIPVLIHHGK,0.6094725131988525,1,TP
comp174260_c0_seq2,XP_020678764.2,127,1,feng2017,DVIIEEVPSNARIATIKVVRALTSLALKEAKEL,0.9998623132705688,1,TP
comp174260_c0_seq2,XP_020678764.2,141,1,feng2017,TIKVVRALTSLALKEAKELIEGLPKKFKEAVSK,0.9993815422058105,1,TP
comp174285_c1_seq7,XP_020673854.1,53,1,feng2017,QVLVKVVAAALNPVDFKRRQGRFKATDSPLPTV,0.9256258010864258,1,TP
comp174355_c0_seq6,XP_020695658.1,96,1,feng2017,PVKVNLGVGAYRTEEGKPLVLNVVRKAEQLLVN,0.9905134439468384,1,TP
comp174355_c0_seq6,XP_020695658.1,332,1,feng2017,IVCKSSDVAARVESQLKLVIRPMYSNPPIHGAS,0.46920689940452576,0,FN
comp174404_c0_seq2,XP_020684009.1,78,1,feng2017,MPFSFIKERLDFIDHEKLELKTSVVEGGDLGNK,0.6435640454292297,1,TP
comp174404_c0_seq2,XP_020684009.1,103,1,feng2017,EGGDLGNKIESATSHIKVEPKGNSSIVKVLATY,0.9777817726135254,1,TP
comp174404_c0_seq2,XP_020684013.1,82,1,feng2017,FIKERLDFIDHEKLELKTSVVEGGDLGSKIESA,0.9559456706047058,1,TP
comp174404_c0_seq7,XP_020683982.1,140,1,feng2017,GVDISEDTKKAQEAFIKSIKAVEEHLIANPGAY,0.972137987613678,1,TP
comp174404_c0_seq7,XP_020683982.1,143,1,feng2017,ISEDTKKAQEAFIKSIKAVEEHLIANPGAYAXX,0.9916046857833862,1,TP
comp174528_c1_seq6,XP_020683805.1,325,1,feng2017,AAINEAKAVKDKPTLIKVTTTIGYGSPNKANSY,0.9692445397377014,1,TP
comp174528_c1_seq6,XP_020692464.1,478,1,feng2017,LASSNMTLLKSYGDFQKATPEERNLRFGVREHG,0.9928036332130432,1,TP
comp174582_c1_seq6,XP_020694427.1,145,1,feng2017,TKVGDIMTEENKLITVKPDTKVLKAMQLMTDNR,0.9640470147132874,1,TP
comp174676_c2_seq9,XP_020703021.1,405,1,feng2017,VLVNLKSKGIDGSRVEKVLELVHIAANKNTVPG,0.36525291204452515,0,FN
comp174707_c0_seq1,XP_020695109.1,213,1,feng2017,AYFGKSPSDVGAAGLQKKVTIWLLLQLAPLASN,0.10549012571573257,0,FN
comp174764_c0_seq9,XP_020673612.1,427,1,feng2017,IMGPNYVPGQKKDLYVKSVQRTVIWMGKRQESV,0.871022641658783,1,TP
comp174764_c0_seq9,XP_020673612.1,471,1,feng2017,VGLDQFITKNATLTNEKEVDAHPIRAMKFSVSP,0.9571367502212524,1,TP
comp174764_c0_seq9,XP_020673612.1,571,1,feng2017,IVVSDPVVSFRETVLEKSSRTVMSKSPNKHNRL,0.7853238582611084,1,TP
comp174799_c0_seq20,XP_020702876.1,424,1,feng2017,IPSRPLTGKREKIIIQKQNDFKQPGERYRSWAP,0.9467644095420837,1,TP
comp174986_c1_seq5,XP_020672683.2,124,1,feng2017,YYEIGLPFIKEAGVEHKIDFIESDAVPALDKLV,0.9370248317718506,1,TP
comp174986_c1_seq5,XP_020672683.2,214,1,feng2017,PEFVNFVREAVIKLNEKLAADTRIELSQICISD,0.7249613404273987,1,TP
comp175070_c2_seq4,XP_020672326.1,107,1,feng2017,KNNATAAVTVDEYHRYKEDINIMKNMNFDAYRF,0.8406485319137573,1,TP
comp175070_c2_seq4,XP_020672326.1,114,1,feng2017,VTVDEYHRYKEDINIMKNMNFDAYRFSISWSRI,0.40272876620292664,0,FN
comp175090_c0_seq36,XP_020692290.1,289,1,feng2017,AKPHMTLFTGSSRVAEKLAGDLRGRVKLEDAGF,0.9958077669143677,1,TP
comp175264_c0_seq7,XP_020694726.1,221,1,feng2017,PAKLIRQRYREAAEIIKKGKMCCLFINDLDAGA,0.9344105124473572,1,TP
comp175264_c0_seq7,XP_020694726.1,305,1,feng2017,DFSTLYAPLIRDGRMEKFYWAPTREDRIGVCIG,0.9617689847946167,1,TP
comp175333_c0_seq2,XP_020672354.1,117,1,feng2017,IRNILNGTVFREPILCKNVPRLVPGWTKPICIG,0.5071153044700623,1,TP
comp175454_c0_seq1,XP_020690101.1,154,1,feng2017,QCLGAICGAGLAKAFQKAYYTRYGGGANEVADG,0.5338693261146545,1,TP
comp175493_c0_seq2,XP_020693054.1,685,1,feng2017,VIFSSLHDVVTYKRTVKNVGGLGCGDLGCRVYN,0.9218016266822815,1,TP
comp175511_c0_seq1,XP_020697453.1,95,1,feng2017,QIVETILGPQLKDEVMKIMPVQKQTRAGQRTRF,0.017575813457369804,0,FN
comp175813_c0_seq5,YP_009472267.1,11,1,feng2017,XXXXXXMIIRSPEPEVKIVVDRNPIKTSFEEWA,0.8473494052886963,1,TP
comp175815_c0_seq1,YP_009472290.1,438,1,feng2017,RRAQLGEIFELDRATLKSDGVFRSSPRGWFTFG,0.9902861714363098,1,TP
comp180326_c0_seq1,XP_020690280.1,43,1,feng2017,RVKFVDDPNRLIMRNVKGPVREGDILTLLESER,0.9511463642120361,1,TP
comp165255_c1_seq8,XP_020679229.1,36,0,synthetic_negative,MVYDYYASGAEDQWTLKENMEAFSRILFRPRIL,0.5390362739562988,1,FP
comp165580_c0_seq1,XP_020674863.1,49,0,synthetic_negative,SAIGILATDGVVLVGEKKVTSKLLQTSKSTEKM,0.23025508224964142,0,TN
comp170161_c1_seq1,XP_020671736.1,532,0,synthetic_negative,YQVIRNHPSALEIYEKKLVESEVFSKEDINKIN,0.654514491558075,1,FP
comp170161_c1_seq1,XP_020671736.1,514,0,synthetic_negative,RRHGHNEGDEPSFTQPKMYQVIRNHPSALEIYE,0.2486293911933899,0,TN
comp164469_c0_seq1,XP_020672230.1,161,0,synthetic_negative,FISKSDSSDTHVTPSEKLDQDTPKPGAKEADKA,0.5259461402893066,1,FP
comp164469_c0_seq1,XP_020672230.1,113,0,synthetic_negative,GDRVAVDEPIAQVETDKVTIDVVSPEAGVIEKF,0.013412408530712128,0,TN
comp164469_c0_seq1,XP_020672230.1,323,0,synthetic_negative,IIYRDYIDISIAVGTPKGLVVPVLRDADKLNFA,0.9018503427505493,1,FP
comp164469_c0_seq1,XP_020672230.1,95,0,synthetic_negative,FMGESITDGTLATFLKKPGDRVAVDEPIAQVET,0.9936135411262512,1,FP
comp172998_c0_seq8,XP_020680147.1,341,0,synthetic_negative,QALILAIERLNNTCLKKNSESKXXXXXXXXXXX,0.9622601866722107,1,FP
comp166343_c0_seq9,XP_020687014.1,55,0,synthetic_negative,ANLRSSIWKQMADAGIKYIPSNTFSYYDQVLDT,0.044698864221572876,0,TN
comp166692_c0_seq4,XP_020687014.1,537,0,synthetic_negative,SRCVKPPIIYGDVSRPKAMTVFWSSLAQSMTSR,0.0007784546469338238,0,TN
comp166343_c0_seq9,XP_020674285.1,349,0,synthetic_negative,HTAVDLVNETKLDDEIKSWLAFAAQKVLEVNAL,0.010135740041732788,0,TN
comp232336_c0_seq1,XP_020674285.1,28,0,synthetic_negative,GPKRELKFALESFWDGKSTAEDLQKVSADLRSS,0.2017170935869217,0,TN
comp164991_c1_seq4,XP_020703947.1,26,0,synthetic_negative,AGLAVMGQNLALNIAEKGFPISVYNRTTSKVDE,0.543114185333252,1,FP
comp164991_c1_seq4,XP_020703947.1,48,0,synthetic_negative,VYNRTTSKVDETIERAKLEGNLPVYGFHDPRSF,0.8028966784477234,1,FP
comp175749_c0_seq3,YP_009472271.1,178,0,synthetic_negative,YRRGGKIGLFGGAGVGKTVLIMELINNIAKAHG,0.2801089882850647,0,TN
comp169527_c1_seq3,XP_020678609.1,187,0,synthetic_negative,DIDFDKEAIGTSKDGKKVYFNDIWPSNEEIANV,0.933824896812439,1,FP
comp170411_c0_seq3,XP_020691420.1,666,0,synthetic_negative,VDIDFDKESIGTSKDGKKVYFRDIWPTSEEIAN,0.9824932813644409,1,FP
comp167701_c0_seq2,XP_020683276.2,5,0,synthetic_negative,XXXXXXXXXXXXLYVYKSPLFLLSYDARPLFDS,0.37309423089027405,0,TN
comp167701_c0_seq2,XP_020675158.1,267,0,synthetic_negative,TTGNKDIIMVDHMKKMKNNAIVCNIGHFDNEID,0.7561180591583252,1,FP
comp167701_c0_seq2,XP_020675158.1,118,0,synthetic_negative,QLVLGLIRDSIKVDPKKYSKMKERLVGVSEETT,0.7881847620010376,1,FP
comp174359_c0_seq18,XP_020698310.1,407,0,synthetic_negative,SFPQIRLPPKAIEAAKKAGKAPDVFYCLKLLEA,0.9843519330024719,1,FP
comp164911_c0_seq3,XP_020703503.1,462,0,synthetic_negative,GPVQSILKFSDLKEVIKRSNASQYGLAAGVFTQ,0.9983528852462769,1,FP
comp166169_c0_seq2,XP_020688659.1,154,0,synthetic_negative,VREDHIYLVVNAGCRDKDLAHIGEHLEAFKAKG,0.9968921542167664,1,FP
comp145650_c1_seq1,XP_028556140.1,297,0,synthetic_negative,WINVYPRGLRELLLYIKERYNNPAIYITENGVL,0.7882401943206787,1,FP
comp210541_c0_seq1,XP_028556140.1,383,0,synthetic_negative,SGYTSRLGLHYIDFKDKTLKKNSEGELIVPDRT,0.7673031687736511,1,FP
comp174021_c0_seq2,XP_028554954.1,487,0,synthetic_negative,NGAFETWEMATRVLSQKEQDIQMMLAAHVHLGT,0.4986298680305481,0,TN
comp174021_c0_seq2,XP_028554954.1,84,0,synthetic_negative,PSTLTTAVEMASVDRLKSGFEQFKKEVYEKKPE,0.6204183101654053,1,FP
comp174889_c2_seq14,XP_028554954.1,300,0,synthetic_negative,RLKSGFEQFKKEVYEKKPEVFNQLAGGQSPKFL,0.9998020529747009,1,FP
comp149829_c0_seq1,XP_020701888.1,224,0,synthetic_negative,VGFSDVTAAKQLEEKLKASGVPSEVYIYPGVGH,0.9780375957489014,1,FP
comp147636_c0_seq2,XP_020682546.1,361,0,synthetic_negative,KVELEMLGSCKRVTVSKDDTVILDGSGDKNAIE,0.9780850410461426,1,FP
comp147636_c0_seq2,XP_020682546.1,276,0,synthetic_negative,KISSINSVVKVLELALKRQRPLLIVAEDIESDA,0.997857391834259,1,FP
comp155246_c0_seq1,XP_020680128.1,216,0,synthetic_negative,HPDANPALRGQDLYTSKTVRDKQIARILGKAPT,0.9765111804008484,1,FP
comp166952_c0_seq3,XP_020686374.1,47,0,synthetic_negative,DKAVSGLTRGIEGLFKKNKVNYVKGYGKFTSPS,0.9997960925102234,1,FP
comp166952_c0_seq3,XP_020686374.1,58,0,synthetic_negative,EGLFKKNKVNYVKGYGKFTSPSEISVDTLDGNN,0.9214439392089844,1,FP
comp166952_c0_seq3,XP_020686374.1,396,0,synthetic_negative,DIARTCHAHPTMSEALKEAAMATYDKPIHIXXX,0.48148080706596375,0,TN
comp166952_c0_seq3,XP_020686374.1,281,0,synthetic_negative,HKAEEDGVACVEFIAGKQGHVDYDLVPGVVYTH,0.035519909113645554,0,TN
comp166952_c0_seq3,XP_020686374.1,117,0,synthetic_negative,QKIVSSTGALSLQNIPKKLVVIGAGYIGLEMGS,0.932129979133606,1,FP
comp166952_c0_seq3,XP_020686374.1,32,0,synthetic_negative,FSQLEIDLPAMLAQKDKAVSGLTRGIEGLFKKN,0.9583980441093445,1,FP
comp151945_c0_seq36,XP_028555516.1,30,0,synthetic_negative,HPLAEPWADLVHLLQKKGAYSYIISASSSFGKN,0.6200674772262573,1,FP
comp172520_c1_seq6,XP_020680578.1,232,0,synthetic_negative,LLDALDLIQEPKRPTDKPLRLPLQDVYKIGGIG,0.9992300271987915,1,FP
comp164899_c1_seq4,XP_020683811.1,125,0,synthetic_negative,QKLGANAILAVSLAVCKAGAAVKKIPLYQHIAN,0.21838824450969696,0,TN
comp164899_c1_seq4,XP_020692467.1,289,0,synthetic_negative,NDGSQKILGDSLKNVYKSFVAEYPILSIEDPFD,0.9497799873352051,1,FP
comp164899_c1_seq4,XP_020692467.1,289,0,synthetic_negative,NDGSQKILGDSLKNVYKSFVAEYPILSIEDPFD,0.9497799873352051,1,FP
comp164899_c1_seq4,XP_020692467.1,204,0,synthetic_negative,RIGAEIYHHLKGVIKKKYGQDATNVGDEGGFAP,0.9996127486228943,1,FP
comp165327_c0_seq1,XP_028551760.1,6,0,synthetic_negative,XXXXXXXXXXXMMLTSKPVKGKEAYALGLVDAI,0.9927458167076111,1,FP
comp173714_c0_seq4,XP_020689146.1,683,0,synthetic_negative,GGIIFWADTLGASYIHKRLEEWTKRYGDFFKPC,0.14440596103668213,0,TN
comp173714_c0_seq4,XP_020689146.1,413,0,synthetic_negative,VIENISLKQQIFSDLEKYCPPHCILASNTSTID,0.0033303641248494387,0,TN
comp173714_c0_seq4,XP_020689146.1,483,0,synthetic_negative,SPQVVLDLLDLGKKIRKTPIVVGNCTGFAVNRT,0.348371684551239,0,TN
comp162725_c0_seq2,XP_020689016.1,84,0,synthetic_negative,EKVSKKDEEGVITNKFKPKTPYTGRCLLNTRIT,0.9610837697982788,1,FP
comp163873_c2_seq5,XP_020676442.1,276,0,synthetic_negative,IDTTGAGDAFVGALLTKLVDDMSVLQDEKKLRE,0.004251218866556883,0,TN
comp173096_c0_seq15,XP_020689727.1,48,0,synthetic_negative,AVSLTVRAGSYADELVKTAKTVASPGRGILAMD,0.9987677335739136,1,FP
comp166827_c0_seq2,XP_020672315.1,546,0,synthetic_negative,PEQSFYMVGGIDEVIAKAEKISKESNAXXXXXX,0.9857020378112793,1,FP
comp166827_c0_seq2,XP_020672315.1,377,0,synthetic_negative,TLATDLGGLQERITTTKKGSITSVQAIYVPADD,0.977279007434845,1,FP
comp148828_c0_seq1,XP_020686743.1,120,0,synthetic_negative,FDALLVELKEAEQTSLKETERLDKEIAEVQELK,0.9527965188026428,1,FP
comp148828_c0_seq1,XP_020686743.1,157,0,synthetic_negative,TMTAEEYFQKHPELKKKFEDEIRNDYWGYGPQQ,0.9991064667701721,1,FP
comp146475_c0_seq4,XP_020681491.1,35,0,synthetic_negative,VAKHGTSYYKQLLEQNKQYIVQPPTVEKCQELS,0.907321572303772,1,FP
comp168583_c0_seq7,XP_020686547.1,454,0,synthetic_negative,ESLMLVTSLNPKIGYDKAAAVAKKAHKEGTTLK,0.9955839514732361,1,FP
comp172860_c4_seq10,XP_028551650.1,105,0,synthetic_negative,GGGAGTRLFPLTRQRAKPAVSIGGAYRLIDIPM,0.8644376993179321,1,FP
comp157357_c0_seq22,XP_020689210.1,57,0,synthetic_negative,CLSIVVLGASGDLAKKKTFPALFHLFRQGFLQS,0.9418558478355408,1,FP
comp170673_c1_seq13,XP_020678136.1,390,0,synthetic_negative,AANHPTDPEADEILSKKGVIILPDIFANSGGVT,0.14439831674098969,0,TN
comp165371_c0_seq4,XP_028550576.1,131,0,synthetic_negative,LLHNKTQEIVRLNGVYKRLLSNAGVTIFEGEGK,0.5595844984054565,1,FP
comp171695_c0_seq2,XP_028552346.1,379,0,synthetic_negative,RTPTREIRKAQTPDEEKIGQVKSAVDIXXXXXX,0.8469932079315186,1,FP
comp169417_c0_seq12,XP_020696320.1,123,0,synthetic_negative,FTDKDKAAAHLKGGAKKVIISAPSKDAPMFVVG,0.9584882855415344,1,FP
comp169417_c0_seq12,XP_020696320.1,51,0,synthetic_negative,AVNDPFITTEYMTYMFKYDTVHGQWKHHEISVK,0.021346254274249077,0,TN
comp169417_c0_seq12,XP_020696320.1,112,0,synthetic_negative,GADYVVESTGVFTDKDKAAAHLKGGAKKVIISA,0.9998331069946289,1,FP
comp169417_c0_seq12,XP_020696320.1,60,0,synthetic_negative,EYMTYMFKYDTVHGQWKHHEISVKDSKTLLFGD,0.4369964599609375,0,TN
comp169417_c0_seq12,XP_020696320.1,167,0,synthetic_negative,IVSNASCTTNCLAPLAKVIHDRFGIIEALMTTV,0.9049789309501648,1,FP
comp169417_c0_seq12,XP_020696320.1,122,0,synthetic_negative,VFTDKDKAAAHLKGGAKKVIISAPSKDAPMFVV,0.9954736828804016,1,FP
comp159961_c0_seq2,XP_020683648.1,188,0,synthetic_negative,FVDREGAGKHIQAGAKKVLITAPGKGDIPTYVV,0.9938850998878479,1,FP
comp159961_c0_seq2,XP_020683648.1,297,0,synthetic_negative,TGAAKAVALVLPTLKGKLNGIALRVPTPNVSVV,0.9761744737625122,1,FP
comp174139_c0_seq20,XP_020697317.1,497,0,synthetic_negative,TTLDDVNKLFEAFAGGKSVNFTAESLAPDVQTA,0.37973925471305847,0,TN
comp168855_c1_seq4,XP_020702866.1,218,0,synthetic_negative,IINEPTAAAIAYGLDKKGGEKNILVFDLGGGTF,0.9993212223052979,1,FP
comp168855_c1_seq4,XP_020701027.2,121,0,synthetic_negative,NQLETYVYNMKNTINDKDKLADKIESEEKENID,0.9885587692260742,1,FP
comp153627_c0_seq9,XP_020672589.1,28,0,synthetic_negative,TGGKAPRKQLATKAARKSAPTTGGVKKPHRYRP,0.7117814421653748,1,FP
comp153627_c0_seq9,XP_020672589.1,19,0,synthetic_negative,RTKQTARKSTGGKAPRKQLATKAARKSAPTTGG,0.9328015446662903,1,FP
comp175489_c0_seq4,XP_028552868.1,644,0,synthetic_negative,VGELCVRSPSLFKEYWKQPKVTKESFIDGGFFK,0.7158929705619812,1,FP
comp154764_c0_seq3,XP_020683921.1,339,0,synthetic_negative,GPIFNDYSSVGYSLLLKKEKSIIVQPDRVIVAN,0.31502002477645874,0,TN
comp170490_c1_seq7,XP_020683422.1,131,0,synthetic_negative,VEGFSTREQPCTYSKDKSCKPALFNAIFSTVAF,0.035284943878650665,0,TN
comp170490_c1_seq7,XP_020683422.1,251,0,synthetic_negative,GSSMALFGRVGGGIYTKAADVGADLVGKVERNI,0.6509028673171997,1,FP
comp170490_c1_seq7,XP_020683422.1,458,0,synthetic_negative,RTGAATNVIFGLALGYKSVIIPIFAIAVSIFVS,2.7158430384588428e-05,0,TN
comp161706_c3_seq9,XP_020684050.1,180,0,synthetic_negative,NVAIKCATITPDETRVKEFNLKAMWKSPNGTIR,0.9979737401008606,1,FP
comp172642_c0_seq9,XP_020693990.1,97,0,synthetic_negative,LDWMDVEALKKMNKNKKLVKKLAKKYHAFLASE,0.020833652466535568,0,TN
comp157114_c0_seq4,XP_020674029.1,130,0,synthetic_negative,PPPYDKKKRMVIPDALKVLRLQAGHKYCLLGKL,0.2374706268310547,0,TN
comp150244_c0_seq2,XP_028549797.1,55,0,synthetic_negative,KHLNLDFELIEGGKKLKVDAWFGSRKATASIRT,0.9895352721214294,1,FP
comp166248_c1_seq1,XP_020701128.1,188,0,synthetic_negative,PLGFSKNPEKFNDFKVKEIKNGRLALLAFVGFC,0.9969193935394287,1,FP
comp164298_c0_seq13,XP_020692087.1,211,0,synthetic_negative,LADDPLTFAELKVKEIKNGRLAMFSMFGFFVQA,0.9711803197860718,1,FP
comp156186_c1_seq13,XP_020700404.1,183,0,synthetic_negative,VPIAAEVFKKAGTYDTKRLLGVTTLDVVRANTF,0.9991058707237244,1,FP
comp156186_c1_seq13,XP_020700404.1,276,0,synthetic_negative,KAGAGSATLSMAFAAAKFADACMRALRGDAGVV,0.805443286895752,1,FP
comp159100_c0_seq9,XP_020702284.1,312,0,synthetic_negative,EWSIVQGLTIDEFSRKKLDATAEELTEEKALAY,0.99522864818573,1,FP
comp159100_c0_seq9,XP_020702284.1,311,0,synthetic_negative,GEWSIVQGLTIDEFSRKKLDATAEELTEEKALA,0.8801763653755188,1,FP
comp165529_c0_seq1,XP_020684035.2,55,0,synthetic_negative,ILGAAGGIGQPLSLLLKLNPLVSSLSLYDIAGT,0.10380745679140091,0,TN
comp165529_c0_seq1,XP_020684035.2,167,0,synthetic_negative,SNPVNSTVPIAAEVFKKAGTYDEKKLFGVTTLD,0.9979420304298401,1,FP
comp168439_c3_seq5,XP_020676952.1,32,0,synthetic_negative,TEKTIGEGASVLDLDLKSAVAGGVKDVYGEDLA,0.8319117426872253,1,FP
comp168439_c3_seq5,XP_020676952.1,379,0,synthetic_negative,ALEMSKQTQAPIEETRKKIWLVDSKGLIVSARK,0.6864427924156189,1,FP
comp168439_c3_seq5,XP_020676952.1,403,0,synthetic_negative,KGLIVSARKESLQHFKKPWAHEHEPVGNLLDAV,0.9770481586456299,1,FP
comp170646_c0_seq5,XP_020677749.1,268,0,synthetic_negative,TFDVSILEISNGVFEVKATNGDTFLGGEDFDNS,0.17641735076904297,0,TN
comp172281_c1_seq1,XP_020673044.1,52,0,synthetic_negative,IISKEGVAPYERPALSKAYLFPQGAARLPGFHV,0.45867645740509033,0,TN
comp139982_c0_seq2,XP_020703046.1,47,0,synthetic_negative,LICRHFSEEVKGSFLDKSEVTDRVITVVKNFQK,0.24588151276111603,0,TN
comp155616_c0_seq3,XP_020687010.1,272,0,synthetic_negative,NITSGKGVNVVYDSVGKDTYQGSLKCLASRGYL,0.1779720038175583,0,TN
comp162064_c1_seq3,XP_020675421.1,55,0,synthetic_negative,TVERSFAEKHYEDLSAKPFFAGLVEYIISGPVV,0.18496176600456238,0,TN
comp165599_c1_seq2,XP_020687572.1,94,0,synthetic_negative,QEEVHAAELERTFIAIKPDGVQRGLIAEIISRF,0.9917391538619995,1,FP
comp159637_c1_seq13,XP_020693832.1,228,0,synthetic_negative,QTTLGRKIVTEILPAKKFYRAEEYHQQYLEKGG,0.9913802742958069,1,FP
comp167329_c0_seq6,XP_020682857.1,89,0,synthetic_negative,DFTRGNGTGGESIYGQKFDDENFTKKHIGPGIL,0.9953804016113281,1,FP
comp162320_c4_seq6,XP_020680031.1,109,0,synthetic_negative,PVVVYFYPADESPGCTKEACAFRDSYEKFKKAG,0.5778442025184631,1,FP
comp156116_c0_seq3,XP_020672336.1,840,0,synthetic_negative,EMVFAKGNPGIAALYDKLLVSDDLWSFGERLRA,0.1904062032699585,0,TN
comp171968_c1_seq18,XP_020675747.1,612,0,synthetic_negative,DSGKDAGRLSAAWQLYKTQEELVKVAKEFGVKL,0.8928051590919495,1,FP
comp167518_c1_seq1,XP_020678278.1,136,0,synthetic_negative,NVRFYKEEEKNDPEFAKKLASLADLYVNDAFGT,0.9989743232727051,1,FP
comp167518_c1_seq1,XP_020678278.1,206,0,synthetic_negative,PKRPFAAIVGGAKVSTKIVVIESLLQKVDILIL,0.22458066046237946,0,TN
comp167518_c1_seq1,XP_020678278.1,105,0,synthetic_negative,GIDVLMASDCIGEEVEKTVAALPDGGVVLLENV,0.38068386912345886,0,TN
comp167518_c1_seq1,XP_020678278.1,202,0,synthetic_negative,AVGNPKRPFAAIVGGAKVSTKIVVIESLLQKVD,0.8677859902381897,1,FP
comp169308_c1_seq3,XP_020689384.1,559,0,synthetic_negative,FQAPADYETTLIEVVDKXXXXXXXXXXXXXXXX,0.033777277916669846,0,TN
comp169308_c1_seq3,XP_020689384.1,245,0,synthetic_negative,VLGEAPHKFQNAVEAVKELRKEPKANDQYLPPF,0.8651106953620911,1,FP
comp169726_c0_seq8,XP_020682631.1,237,0,synthetic_negative,DEGGKHQLISAAVSDGKLYICKAQAGDKRWFKG,0.5219659209251404,1,FP
comp160611_c0_seq11,YP_009472263.1,339,0,synthetic_negative,RLGANVGSAQGPTGLGKYLMRSPTGEVIFGGET,0.5158631205558777,1,FP
comp167728_c0_seq3,XP_020702173.1,165,0,synthetic_negative,KAEGVSKNAPPDFQPTKLMTRLTYTLDEIEGPL,0.3679797947406769,0,TN
comp168827_c0_seq5,XP_020688941.1,463,0,synthetic_negative,FQVQGYPTLYFSSAAGKLLQYEGGRTVDDFIDF,0.00273232813924551,0,TN
comp165270_c0_seq4,XP_020673289.1,344,0,synthetic_negative,LALRNVPEANAYWSDEKGETTISRSIDISIAVA,0.13294552266597748,0,TN
comp168112_c0_seq2,XP_020682619.1,362,0,synthetic_negative,MQLRGELNVLQEASGGKRISVNDLIIKAAALAL,0.7549342513084412,1,FP
comp168012_c0_seq30,XP_020688533.1,209,0,synthetic_negative,KKVYVEIKGEQFPADPKKQLHFAVLAVFDSWDS,0.4835253059864044,0,TN
comp168012_c0_seq30,XP_020688533.1,169,0,synthetic_negative,VMGIPHSRFEEKLEALKASKGVSQDTELSASDL,0.5009473562240601,1,FP
comp168012_c0_seq30,XP_020688533.1,543,0,synthetic_negative,GDLGTFMSWVDEKRKLKVMANADTPEDAQTARN,0.9277466535568237,1,FP
comp168012_c0_seq30,XP_020688533.1,541,0,synthetic_negative,LSGDLGTFMSWVDEKRKLKVMANADTPEDAQTA,0.4154404103755951,0,TN
comp168012_c0_seq30,XP_020688533.1,84,0,synthetic_negative,PAGLWEEIIEGLEFVEKQIGGSLGDPSKPLLFS,0.02634613960981369,0,TN
comp163987_c1_seq6,XP_020695604.1,33,0,synthetic_negative,TTAPAQSTMVAPYTGLKSAGALPTARRTATNLN,0.007177419029176235,0,TN
comp163987_c1_seq6,XP_020695604.1,62,0,synthetic_negative,TNLNHLPSNGGRAQCMKVWPVEGVKKFETLSYL,0.6483343839645386,1,FP
comp173289_c0_seq9,XP_020694977.1,59,0,synthetic_negative,NFLATVKASSRVEKFSKRDIIVSPSILSANFSR,0.7502591609954834,1,FP
comp173289_c0_seq9,XP_020694977.1,265,0,synthetic_negative,EAGANAIVAGSAVFGAKDYAEAIKGIKTSKRPE,0.9933290481567383,1,FP
comp172449_c0_seq3,XP_020673233.1,16,0,synthetic_negative,XMVNVSFYRNYGKTFKKPRRPYEKERLDAELKL,0.7754817008972168,1,FP
comp155969_c0_seq5,XP_020691584.1,364,0,synthetic_negative,NILRAVAGAGVLAGYDKLQILFWGKKYGSGGAX,0.026424670591950417,0,TN
comp155969_c0_seq5,XP_020691584.1,217,0,synthetic_negative,FVYSLDYARTRLTNDAKAAKKGGERQFNGLVDV,0.9932506680488586,1,FP
comp155969_c0_seq5,XP_020698325.1,346,0,synthetic_negative,DAFNQILKNEGAKSLFKGAGANILRAVAGAGVL,0.9985665678977966,1,FP
comp155969_c0_seq5,XP_020698325.1,37,0,synthetic_negative,VSKFAPYSHARTSSVHKFPCTYGNGGLQSPILQ,0.0074863857589662075,0,TN
comp155969_c0_seq5,XP_020698325.1,178,0,synthetic_negative,LNFAFKDYFKKMFNFKKDKDGYWKWFAGNLASG,0.9607868790626526,1,FP
comp155969_c0_seq5,XP_020698325.1,178,0,synthetic_negative,LNFAFKDYFKKMFNFKKDKDGYWKWFAGNLASG,0.9607868790626526,1,FP
comp155969_c0_seq5,XP_020698325.1,346,0,synthetic_negative,DAFNQILKNEGAKSLFKGAGANILRAVAGAGVL,0.9985665678977966,1,FP
comp155969_c0_seq5,XP_020698325.1,185,0,synthetic_negative,YFKKMFNFKKDKDGYWKWFAGNLASGGMAGASS,0.6014688611030579,1,FP
comp165693_c0_seq2,XP_020690282.2,280,0,synthetic_negative,TAEEDAAALIKESKTEKPVVAFIAGLTAPPGRR,0.9223096370697021,1,FP
comp159942_c0_seq2,XP_020676420.1,197,0,synthetic_negative,KVPIDVFKGITDEDAAKVVDGLAPKVADRNASI,0.9172398447990417,1,FP
comp159942_c0_seq2,XP_020676420.1,8,0,synthetic_negative,XXXXXXXXXMVRGSLGKLFSQSLSLAGKWQQQQ,0.3367058336734772,0,TN
comp159942_c0_seq2,XP_020676420.1,75,0,synthetic_negative,KQALKNVFPQKKELVVKSQILAGGRGLGTFKSG,0.8497043251991272,1,FP
comp159942_c0_seq2,XP_020676420.1,218,0,synthetic_negative,LAPKVADRNASIEQVKKLYELFCKSDCTLLEIN,0.9446620941162109,1,FP
comp159942_c0_seq2,XP_020676420.1,312,0,synthetic_negative,CMVNGAGLAMATMDIIKLHGGTPANFLDVGGNA,0.010468983091413975,0,TN
comp159942_c0_seq2,XP_020676420.1,75,0,synthetic_negative,KQALKNVFPQKKELVVKSQILAGGRGLGTFKSG,0.8497043251991272,1,FP
comp159942_c0_seq2,XP_020676420.1,225,0,synthetic_negative,RNASIEQVKKLYELFCKSDCTLLEINPIAETSD,0.28564244508743286,0,TN
comp159942_c0_seq2,XP_020676420.1,377,0,synthetic_negative,DVIASGIVNAAKQVSLKVPVVVRLEGTNVDQGK,0.9852076768875122,1,FP
comp166977_c3_seq1,XP_020703897.1,25,0,synthetic_negative,YYSTYGHVEKLAHEISKGASSVEGVEVKVWQVP,0.8905832171440125,1,FP
comp161943_c1_seq9,XP_020705772.1,199,0,synthetic_negative,FYYEIMNSPERACHLAKQAFDEAISELDTLSEE,0.17531821131706238,0,TN
comp166043_c0_seq11,XP_020674602.1,13,0,synthetic_negative,XXXXMAAVASETEKISKLQTAVAGLDQISENEK,0.37740007042884827,0,TN
comp166043_c0_seq11,XP_020674602.1,253,0,synthetic_negative,NHLINNENEYCMEVTPKTLADVKGGTLISYEGR,0.016748003661632538,0,TN
comp149171_c0_seq4,XP_020701078.1,328,0,synthetic_negative,PPSFLAAALAPPAKSEKKVRSLLEQLCGNLNCI,0.04701296240091324,0,TN
comp117879_c0_seq1,XP_020676934.2,279,0,synthetic_negative,IQTRSSYRVVWGLIKIKHNHFENCVXXXXXXXX,0.9830819964408875,1,FP
comp120617_c0_seq1,XP_028555978.1,32,0,synthetic_negative,AIVGAKDFIVGDEEGWKVGVNYTEWAEDKDFRV,0.05219656974077225,0,TN
comp127953_c0_seq1,XP_020684007.1,103,0,synthetic_negative,EGGDLGKKIESATSHFKVEPKGAGSIVKLTGTY,0.9968554973602295,1,FP
comp127953_c0_seq1,XP_020684007.1,20,0,synthetic_negative,SWTVEVETKAPAAALFKALFTDWHNLGPKLIPE,0.34400665760040283,0,TN
comp127953_c0_seq1,XP_020684007.1,143,0,synthetic_negative,STEDIKKAKEGFIKSVKAVEEFLAANPGTYAXX,0.9989950060844421,1,FP
comp128907_c0_seq1,XP_020691402.1,138,0,synthetic_negative,VVFLKLDCNQDNKALAKELGIKVVPTFKVLKGS,0.9551412463188171,1,FP
comp138407_c0_seq1,XP_020671786.2,169,0,synthetic_negative,TTVQDAADLIEKLVEAKSSXXXXXXXXXXXXXX,0.6743876338005066,1,FP
comp146749_c0_seq1,XP_020682299.1,88,0,synthetic_negative,PDIEKCLDIVSTIQAKKGSGEKLIADFEVSEGI,0.8789914846420288,1,FP
comp148534_c0_seq2,XP_020691145.1,55,0,synthetic_negative,GEELSVEERNLISVAYKNVVGSRRASWRIISSI,0.9590824842453003,1,FP
comp148534_c0_seq2,XP_020691145.1,130,0,synthetic_negative,VPSAVTAESKVFYYKMKGDYHRYLAEFKSGDER,0.9983820915222168,1,FP
comp148829_c0_seq2,XP_020689112.1,461,0,synthetic_negative,MSNPTANAECTPADAFKYAGENIIFASGSPFEN,0.01881691999733448,0,TN
comp148994_c0_seq1,XP_020701951.1,71,0,synthetic_negative,MSPPPKVNPPSPFTIVKGALDRDGPALRREYKG,0.6462316513061523,1,FP
comp149644_c0_seq1,XP_020692045.1,179,0,synthetic_negative,YAKVAANLKFFNSIEGKFLLTSKLSVEGPTRMK,0.21766281127929688,0,TN
comp150221_c0_seq1,XP_020675804.1,295,0,synthetic_negative,HVMMTWIFLSQIQKVEKKIGIXXXXXXXXXXXX,0.8657363057136536,1,FP
comp151756_c0_seq1,XP_020680353.1,43,0,synthetic_negative,LSRLRPGLVAVTRSALKPMITVVPFCLFLLLDI,0.00278544332832098,0,TN
comp151900_c0_seq1,XP_020683153.1,266,0,synthetic_negative,ITLSAEVDTKAIEKSSKVGLSLLLKPXXXXXXX,0.9153681993484497,1,FP
comp151958_c0_seq3,XP_020699945.1,78,0,synthetic_negative,NTSLFESRAICRYICDKYADQGYKGLHGRGLLD,0.9133901596069336,1,FP
comp152357_c0_seq3,XP_020689035.1,133,0,synthetic_negative,GSQFFICTEKTSWLDGKHVVFGQVVEGLDVIRA,0.8897707462310791,1,FP
comp152357_c0_seq3,XP_020689035.1,49,0,synthetic_negative,TAENFRALCTGEKGIGKSGKPLHFKGSTFHRVI,0.9460382461547852,1,FP
comp152413_c1_seq5,XP_020672664.1,36,0,synthetic_negative,VQISRLNHPLPLPAVLKSSFKIVDGPPSSAAGS,0.05064988508820534,0,TN
comp152413_c1_seq5,XP_020699342.2,145,0,synthetic_negative,NITIIGEEVSAKKQTLKNVTDYITDIICKRAEL,0.22084949910640717,0,TN
comp153410_c0_seq6,XP_020677899.1,74,0,synthetic_negative,LTVSEPLQPIKLQIFDKDTFSSDDEMGDAEFDI,0.004300333093851805,0,TN
comp153906_c0_seq3,XP_020684321.1,32,0,synthetic_negative,VIEKYYSRMTLDFHTNKKVLEEVAIIPSKRLRN,0.737087607383728,1,FP
comp154377_c0_seq2,XP_020673691.1,56,0,synthetic_negative,TLFPGDGIGPEIAESVKQVFNAAEVPIEWEEHY,0.12655583024024963,0,TN
comp154760_c0_seq7,XP_020672295.1,93,0,synthetic_negative,IIEPSLMALARKYNQDKMICRKCYARLHPRAVN,0.749255359172821,1,FP
comp154789_c0_seq7,XP_020683197.1,304,0,synthetic_negative,IVSHPADNLVSFLNNAKGATVGDAVSKLGLWGL,0.09159313887357712,0,TN
comp154789_c0_seq7,XP_020683197.1,65,0,synthetic_negative,PSPAAFLAEAPSEPAKKIEMYSPAFYAACTAGG,0.2240055948495865,0,TN
comp155217_c0_seq1,XP_020678198.1,60,0,synthetic_negative,HLRCFATKANESEASIKLPLSLFGGTGNYASAL,0.0052410210482776165,0,TN
comp155217_c0_seq1,XP_020678198.1,235,0,synthetic_negative,IEFDQKVLDMSIKTRAKQMEEFLRQPIHFSXXX,0.928019642829895,1,FP
comp155217_c0_seq1,XP_020678198.1,60,0,synthetic_negative,HLRCFATKANESEASIKLPLSLFGGTGNYASAL,0.0052410210482776165,0,TN
comp155229_c0_seq1,XP_020694759.1,302,0,synthetic_negative,LRYTGGMVPDVNQIIVKEKGIFTNVTSPSAKAK,0.27622702717781067,0,TN
comp156295_c0_seq2,XP_020703193.1,31,0,synthetic_negative,KSSKLALQWSIDNLADKGDSLFIIHVKSPSADE,0.10670468211174011,0,TN
comp156388_c0_seq1,XP_020674765.1,79,0,synthetic_negative,AAIAATPMPALAEQMEKAALFDFNLTLPAIALE,0.002736348658800125,0,TN
comp156529_c0_seq2,XP_020679710.1,300,0,synthetic_negative,DLASKPEGTGTPTTDFKALFSLTSERFXXXXXX,0.01042398251593113,0,TN
comp156597_c1_seq5,XP_020674016.1,87,0,synthetic_negative,VTVRGEKAMQLLESGLKVKEYELLRRNFSDTGC,0.505885660648346,1,FP
comp157289_c0_seq1,XP_020679983.1,36,0,synthetic_negative,VEEKEKKSEAEKAPAGKKPKAEKRLPSKESAAG,0.2552429437637329,0,TN
comp157754_c0_seq3,XP_020693235.1,140,0,synthetic_negative,AARDSVVALGGPTWTVKLGRRDSTTASLSQANS,0.010940748266875744,0,TN
comp157862_c0_seq2,XP_028556173.1,483,0,synthetic_negative,AELLRSLGADRVIDYKKENIKDVLKNEFPKGVD,0.9986400008201599,1,FP
comp157948_c1_seq3,XP_020673840.2,265,0,synthetic_negative,KHVYGASRVAATSSTGKLELLKSLGADLAIDYT,0.9846348166465759,1,FP
comp158395_c0_seq2,XP_020685020.1,145,0,synthetic_negative,FATGTNRFGSTAVVVAKRNRKAHFGVEQNIIEV,0.1941462606191635,0,TN
comp158395_c0_seq2,XP_020685020.1,68,0,synthetic_negative,DCNLVLYNLNKPEWATKTANRGSRCFVTLQSDG,0.20935587584972382,0,TN
comp158587_c0_seq2,XP_020685907.1,134,0,synthetic_negative,GVKAFSNWPTFPQIFVKGEFIGGSDIVLSMHQN,0.06998825818300247,0,TN
comp159602_c0_seq6,XP_020691110.1,297,0,synthetic_negative,DLYYKRNSVPLVRAIKKDTRGDYEDFLVALIGE,0.7467098832130432,1,FP
comp159855_c0_seq1,XP_020684549.1,168,0,synthetic_negative,HAHCTVMIVKKPKHKNKHXXXXXXXXXXXXXXX,0.9174417853355408,1,FP
comp160560_c0_seq15,XP_020685279.1,106,0,synthetic_negative,TTWIGSHGTDKGFEDAKPVIAALKSKGFSAVGA,0.9987253546714783,1,FP
comp160653_c0_seq2,XP_020694508.2,208,0,synthetic_negative,GFLLPNAGSALDYETWKSIIDPLLRNNGEGKDD,0.013696291483938694,0,TN
comp161053_c0_seq1,XP_020684196.1,451,0,synthetic_negative,WLHTGDIGLWLPGGRLKIIDRKKNIFKLAQGEY,0.5244706273078918,1,FP
comp161309_c0_seq4,XP_028548388.1,1036,0,synthetic_negative,DTIVQDSAALAIQELLKLAGCQASLNDASGTDS,0.00011265614011790603,0,TN
comp161321_c0_seq2,XP_020680499.1,292,0,synthetic_negative,AVKHEEIVDLVKKQFTKLSADPTTASQLVAREP,0.9398027658462524,1,FP
comp161405_c1_seq7,XP_020698093.1,253,0,synthetic_negative,VYRNLLSKLVQAKELLKEYVDREKKKREERSGS,0.9816360473632812,1,FP
comp161507_c0_seq16,XP_020672144.1,172,0,synthetic_negative,ENGNGTGGKSIYGRTFKDENFKLSHVGPGVVSM,0.9992401599884033,1,FP
comp161766_c2_seq2,XP_020676882.1,294,0,synthetic_negative,FEVDPDGTVLAFADMMKKKISMPAHLMFDGRDD,0.3393990695476532,0,TN
comp162076_c0_seq8,XP_020688014.1,25,0,synthetic_negative,HREGAEIYKGDELCKKKSIELLEELCLPKGLFP,0.8688235878944397,1,FP
comp162807_c0_seq2,XP_020685566.1,83,0,synthetic_negative,KPLGERVLVKIKISEEKSTGGILLPTAAQTKPQ,0.9717815518379211,1,FP
comp162988_c1_seq5,XP_020676817.1,60,0,synthetic_negative,VLLKNLYLSCDPYMRGKMSKPLVKSYTDAFTPG,0.13671565055847168,0,TN
comp162988_c1_seq5,XP_020676817.1,9,0,synthetic_negative,XXXXXXXXMSTEKVKNKRITLKDYVTGYPKEED,0.6276811361312866,1,FP
comp163007_c0_seq2,XP_020685919.1,469,0,synthetic_negative,NVSREMLQQHSSLKTIKKKLIRKALDMIRRIAD,0.4832799434661865,0,TN
comp163008_c0_seq2,XP_020680536.1,81,0,synthetic_negative,VSRFGCSVALNSNLVSKLHESTATAADSSDPPS,0.00034958284231834114,0,TN
comp163973_c0_seq15,XP_020690895.1,181,0,synthetic_negative,ITAASGGVGSYAVQLAKLIDLHVTATCGARNIE,0.043964702636003494,0,TN
comp164058_c0_seq10,XP_020694316.1,173,0,synthetic_negative,TVDTPRIGRREADIKNKMEAPKISNLEGLLSVD,0.9058247208595276,1,FP
comp164059_c0_seq8,XP_020685501.1,25,0,synthetic_negative,ALSVVTAPSQPDFPSGKFGRTNGRIRCHYEMEE,0.12460514903068542,0,TN
comp164432_c0_seq2,XP_020673292.1,180,0,synthetic_negative,TSGENLGRGTKLTLFLKEDQLEYLEERRLKDLI,0.9779905080795288,1,FP
comp164432_c0_seq2,XP_020673292.1,141,0,synthetic_negative,GFYSAYLVAERVVVTTKHNDDEQYVWESQAGGS,0.6819607615470886,1,FP
comp164950_c1_seq1,XP_020692203.1,257,0,synthetic_negative,NYKTVQAAVNAAPDNGKARFVIYVKKGTYKENV,0.864224910736084,1,FP
comp165523_c0_seq1,XP_020674979.1,90,0,synthetic_negative,FDIRTRPHTFTSNSGTKDLQMVNLTLRLLSRPD,0.19604764878749847,0,TN
comp165780_c0_seq3,XP_020685101.1,62,0,synthetic_negative,AFCFFSPMVAYLDSQNKEDSEKVALNPEKWLEF,0.6268607378005981,1,FP
comp165780_c0_seq3,XP_020685101.1,164,0,synthetic_negative,IKVYPEGKMSQHFAQLKPGDVLEVKGPIEKLRY,0.9718331098556519,1,FP
comp165780_c0_seq3,XP_020685101.1,67,0,synthetic_negative,SPMVAYLDSQNKEDSEKVALNPEKWLEFKLQET,0.19156111776828766,0,TN
comp166158_c0_seq5,XP_020703169.1,467,0,synthetic_negative,GAAFVHLSTFVPSIKDKLEDADERIGADIVQKA,0.9245597124099731,1,FP
comp166449_c0_seq3,XP_020702898.1,329,0,synthetic_negative,ISMYAQGGKSIIFTKTKRDAESLSRSMGVVIGS,0.8181543946266174,1,FP
comp166487_c0_seq7,XP_020696274.2,244,0,synthetic_negative,ARGYVSPYFVTDERSRKCELENPLILIHDKKIS,0.5397606492042542,1,FP
comp166487_c0_seq7,XP_020696274.2,414,0,synthetic_negative,KAQERLSKLSGGVAVIKVGGTSEAEVGEKKDRV,0.8979784250259399,1,FP
comp166660_c0_seq2,XP_020691195.1,198,0,synthetic_negative,QVLRKLVDDASKFLNDKVTKAVVTVPAYFNDSQ,0.9868577718734741,1,FP
comp166847_c0_seq7,XP_020700853.1,313,0,synthetic_negative,DVFEEEPLMKPGLAEQKNAVVVPHIASASKWTR,0.7004209160804749,1,FP
comp167321_c2_seq5,XP_020704791.1,100,0,synthetic_negative,RSFNAMAAMLSEEEAKKLSNMDEVVSVFPSQRR,0.563361644744873,1,FP
comp167978_c0_seq3,XP_020689488.1,222,0,synthetic_negative,QISTKEVEKIKSRFAPKSXXXXXXXXXXXXXXX,0.980364203453064,1,FP
comp167978_c0_seq3,XP_020689488.1,214,0,synthetic_negative,DNVLSKAFQISTKEVEKIKSRFAPKSXXXXXXX,0.9173993468284607,1,FP
comp168079_c0_seq2,XP_020703251.1,311,0,synthetic_negative,SFGRALQQSTLKAWAGKEENVKKAQAAFLSRCK,0.998793363571167,1,FP
comp168079_c0_seq2,XP_020703251.1,287,0,synthetic_negative,EEEATLNLNAMNKLKGKKPWSLSFSFGRALQQS,0.8179944157600403,1,FP
comp168079_c0_seq2,XP_020703251.1,128,0,synthetic_negative,AGTNAETTTQGLDDLGKRCAKYYEAGARFAKWR,0.9994897842407227,1,FP
comp168079_c0_seq2,XP_020679120.1,288,0,synthetic_negative,EEATLNLNAMNQLSGKKPWSLSFSFGRALQQST,0.4554465711116791,0,TN
comp168079_c0_seq2,XP_020679120.1,241,0,synthetic_negative,KPNMVTPGSDAAKVSPKVVAEHTVRALQRTVPA,0.9966853260993958,1,FP
comp168079_c0_seq2,XP_020679120.1,106,0,synthetic_negative,VDVLNEGGVLPGIKVDKGTIELAGTKGETTTQG,0.9697073698043823,1,FP
comp168146_c0_seq8,XP_020680246.1,15,0,synthetic_negative,XXMASVPAAANAIIAAKPSCSPLLPLSPSSCPF,9.555403812555596e-05,0,TN
comp168471_c0_seq12,XP_020702546.1,37,0,synthetic_negative,KMGRYIVVEGSKGLKLKGAAASTTKEEVVAIMK,0.9161169528961182,1,FP
comp168471_c0_seq2,XP_020702553.2,216,0,synthetic_negative,NVLGILKNILESPNIKKTEADKLVFVGKASMSE,0.7348236441612244,1,FP
comp168762_c0_seq9,XP_020703956.1,237,0,synthetic_negative,YEIGNMIAEAMSKVGRKGVVTLEEGKSAENSLY,0.8907331824302673,1,FP
comp169021_c0_seq2,XP_020675384.1,196,0,synthetic_negative,ALKFKDPGNTTLFIIDKFDGNSELVAELLTANG,0.10464143753051758,0,TN
comp169021_c0_seq2,XP_020675384.1,196,0,synthetic_negative,ALKFKDPGNTTLFIIDKFDGNSELVAELLTANG,0.10464143753051758,0,TN
comp169078_c0_seq9,XP_020675701.1,221,0,synthetic_negative,FDEAISELDTLGEESYKDSTLIMQLLRDNLTLW,0.0016702405409887433,0,TN
comp169078_c0_seq9,XP_020675701.1,33,0,synthetic_negative,LSEQAERYEEMVEFMEKVVKTVDVEELTVEERN,0.03718791902065277,0,TN
comp169096_c0_seq6,XP_020687220.1,4,0,synthetic_negative,XXXXXXXXXXXXXNLLKHLLTTRQAGGPNYQVP,0.9741297364234924,1,FP
comp169317_c0_seq4,XP_020700308.1,7,0,synthetic_negative,XXXXXXXXXXMEIETIKHRMLQVNGINMHVAEK,0.8005509376525879,1,FP
comp169409_c2_seq5,XP_020691485.1,148,0,synthetic_negative,NRIETPSLDESKKKLEKVLKVYDQRLADNTFLA,0.994938850402832,1,FP
comp169771_c1_seq8,XP_020688662.1,119,0,synthetic_negative,SEDIYKLVEDIRAKGGKITREPGPVKGGTTVIA,0.975044846534729,1,FP
comp169851_c0_seq2,XP_020680357.1,209,0,synthetic_negative,YSRFFKNLCPDAYSYPKDDQTSTFTCPGGTNYR,0.5744506120681763,1,FP
comp169851_c0_seq2,XP_020680357.1,209,0,synthetic_negative,YSRFFKNLCPDAYSYPKDDQTSTFTCPGGTNYR,0.5744506120681763,1,FP
comp170465_c0_seq5,XP_028554349.1,61,0,synthetic_negative,RRHSVICHGKGRGSYTKSSPKELTLKEQEATEE,0.02155264839529991,0,TN
comp170506_c0_seq2,XP_020682046.1,210,0,synthetic_negative,FPYHRWYLYFHERILGKLIGDDTFALPFWNWDS,0.03881274163722992,0,TN
comp170583_c0_seq12,XP_020687327.1,138,0,synthetic_negative,SETRAEVNELITQLEAKNPTPAPTEALSLLNGK,0.008383053354918957,0,TN
comp170786_c2_seq2,XP_020677041.1,62,0,synthetic_negative,KKGGLYALDVSTQYNYKNTLVDVKVDTDSNITT,0.2257148176431656,0,TN
comp170786_c2_seq2,XP_020677041.1,194,0,synthetic_negative,GDTLRASYVYHLDEKQKSSVVGEINRRFSTNEN,0.8123372793197632,1,FP
comp170988_c0_seq6,XP_020698893.1,652,0,synthetic_negative,ERAFTDREGLFERPWYKHLIYGPSQHNGYGSES,0.06743358820676804,0,TN
comp171502_c2_seq2,XP_020675705.1,102,0,synthetic_negative,EEKNLPYDIKLANLANKPEWFLKISPEGKVPVA,0.997622549533844,1,FP
comp171642_c0_seq3,XP_020694882.2,181,0,synthetic_negative,PGLTAYAGFYEKCSPKKGENVYVSSAAGAVGQL,0.9834963083267212,1,FP
comp172250_c0_seq4,XP_020696268.1,139,0,synthetic_negative,RFFIQPLPPAEAAQRAKESAKDILNVKELIDKK,0.9844617247581482,1,FP
comp172657_c0_seq3,XP_020681831.1,306,0,synthetic_negative,YLPIVPPILVAMLSAEKPLPLGSLRRVLSGGAP,0.17657923698425293,0,TN
comp172657_c0_seq3,XP_020681831.1,451,0,synthetic_negative,DGYLFVVDRLKELIKYKGYQVPPAELEALLLTH,0.9878438711166382,1,FP
comp172657_c0_seq3,XP_020681831.1,273,0,synthetic_negative,FATGLLGSGSTVVILSKFEMGEMMRVIRVYGAT,0.13167120516300201,0,TN
comp173148_c1_seq5,XP_028554520.1,105,0,synthetic_negative,FQVNARDGPSDPNSLAKWRVLNRLHDRNETMFY,0.4408892095088959,0,TN
comp173148_c1_seq5,XP_028554520.1,436,0,synthetic_negative,KPDVLLGLSAVGGLFSKEVLEALKDSTSTRPAI,0.20132866501808167,0,TN
comp173486_c1_seq1,XP_020674550.1,9,0,synthetic_negative,XXXXXXXXMSGRGKGGKGLGKGGAKRHRKVLRD,0.9957257509231567,1,FP
comp173486_c1_seq1,XP_020674550.1,6,0,synthetic_negative,XXXXXXXXXXXMSGRGKGGKGLGKGGAKRHRKV,0.9956061244010925,1,FP
comp173527_c0_seq6,XP_020680139.1,777,0,synthetic_negative,RLDEIVVFDPLSHDQLKKVARLQMKDVAVRLAE,0.989849328994751,1,FP
comp173626_c0_seq2,XP_020700527.1,279,0,synthetic_negative,HHIPLEKVNVGKFKIPKFKISFGFEASGLLKTL,0.023157183080911636,0,TN
comp173626_c0_seq2,XP_020700524.1,67,0,synthetic_negative,LRESIVHQTSFSLQFAKLVGSSLASDSNLVFSP,0.0005019629024900496,0,TN
comp174253_c1_seq11,XP_020687755.1,28,0,synthetic_negative,FWLSPFGVRTRIALEEKEVEYEYKEEKNLILGE,0.8179406523704529,1,FP
comp174260_c0_seq2,XP_020678764.2,173,0,synthetic_negative,KDEAEDAKKKLEEVGAKVSIAXXXXXXXXXXXX,0.9985509514808655,1,FP
comp174260_c0_seq2,XP_020678764.2,107,0,synthetic_negative,GGAGAADAAAPAVVEEKTEFDVIIEEVPSNARI,0.18393944203853607,0,TN
comp174285_c1_seq7,XP_020673854.1,80,0,synthetic_negative,SPLPTVPGYDVAGVVVKVGSQVKNLKEGDEVYG,0.6816301345825195,1,FP
comp174355_c0_seq6,XP_020695658.1,379,0,synthetic_negative,WTAELKMMADRIISMRKQLFGALHERGTPGDWS,0.8633382320404053,1,FP
comp174355_c0_seq6,XP_020695658.1,419,0,synthetic_negative,MFTFTGLNREQVAFMTKEFHIYMTSDGRISMAG,0.7549337148666382,1,FP
comp174404_c0_seq2,XP_020684009.1,114,0,synthetic_negative,ATSHIKVEPKGNSSIVKVLATYKAIAGVDVAED,0.8289639353752136,1,FP
comp174404_c0_seq2,XP_020684009.1,68,0,synthetic_negative,SIRQINFSPVMPFSFIKERLDFIDHEKLELKTS,0.009350434876978397,0,TN
comp174404_c0_seq2,XP_020684013.1,143,0,synthetic_negative,VAEDIKKAKEGFINSVKAVEEHLVANPGAYAXX,0.9968360662460327,1,FP
comp174404_c0_seq7,XP_020683982.1,94,0,synthetic_negative,KLELKISIVEGGDLGVKIESASTHIKVEPKGNG,0.017867546528577805,0,TN
comp174404_c0_seq7,XP_020683982.1,12,0,synthetic_negative,XXXXXMSSSWTLEVETKASAAAIYKAAFLDWHN,0.2646586000919342,0,TN
comp174528_c1_seq6,XP_020683805.1,318,0,synthetic_negative,TGYDDIRAAINEAKAVKDKPTLIKVTTTIGYGS,0.9997298121452332,1,FP
comp174528_c1_seq6,XP_020692464.1,431,0,synthetic_negative,GELPSGWEKALPSYTPKSSADATRNLSQQCLNA,0.08252524584531784,0,TN
comp174582_c1_seq6,XP_020694427.1,16,0,synthetic_negative,XMQRIFQAICLHGNVLKYSILKHARVIAPAART,0.3977394998073578,0,TN
comp174676_c2_seq9,XP_020703021.1,416,0,synthetic_negative,GSRVEKVLELVHIAANKNTVPGDVSAMVPGGIR,0.0539504811167717,0,TN
comp174707_c0_seq1,XP_020695109.1,196,0,synthetic_negative,ANFNDLNNDIAFDFLGKAYFGKSPSDVGAAGLQ,0.022271517664194107,0,TN
comp174764_c0_seq9,XP_020673612.1,722,0,synthetic_negative,VIPTARRVIYASQLTAKPRLLEPVYLVEIQAPE,0.279778391122818,0,TN
comp174764_c0_seq9,XP_020673612.1,722,0,synthetic_negative,VIPTARRVIYASQLTAKPRLLEPVYLVEIQAPE,0.279778391122818,0,TN
comp174764_c0_seq9,XP_020673612.1,408,0,synthetic_negative,FFAFGRVFSGKVSTGLKVRIMGPNYVPGQKKDL,0.8960523009300232,1,FP
comp174799_c0_seq20,XP_020702876.1,268,0,synthetic_negative,TQDLYDSIAAGSYPEWKLFVQVIDPDQEDRYDF,0.011743128299713135,0,TN
comp174986_c1_seq5,XP_020672683.2,68,0,synthetic_negative,LMNVGPEEAQLLSIILKVMNAKRTIEIGVFTGY,0.11981041729450226,0,TN
comp174986_c1_seq5,XP_020672683.2,138,0,synthetic_negative,EHKIDFIESDAVPALDKLVHEVTEDELFDFAFV,0.006343656685203314,0,TN
comp175070_c2_seq4,XP_020672326.1,513,0,synthetic_negative,RYPKMSAYWFRDLLQKKKXXXXXXXXXXXXXXX,0.9664070010185242,1,FP
comp175070_c2_seq4,XP_020672326.1,447,0,synthetic_negative,VTLPVGVHDTTRLNYYKSYITELKRAIDDGATV,0.9817012548446655,1,FP
comp175090_c0_seq36,XP_020692290.1,388,0,synthetic_negative,GPVLTVTTDRMVEHIEKLLEIPGSKLLFGGQPL,0.36737337708473206,0,TN
comp175264_c0_seq7,XP_020694726.1,411,0,synthetic_negative,KLLEYGNMLVQEQENVKRVQLADKYLSEAALGD,0.8852667212486267,1,FP
comp175264_c0_seq7,XP_020694726.1,224,0,synthetic_negative,LIRQRYREAAEIIKKGKMCCLFINDLDAGAGRM,0.028320398181676865,0,TN
comp175333_c0_seq2,XP_020672354.1,86,0,synthetic_negative,NVAIKCATITPDEARVKEFNLKAMWKSPNGTIR,0.9987799525260925,1,FP
comp175454_c0_seq1,XP_020690101.1,21,0,synthetic_negative,VEVIESGSQNVTEYTAKDYTDPPPSALFDFEEL,0.06071522459387779,0,TN
comp175493_c0_seq2,XP_020693054.1,290,0,synthetic_negative,DGANVISFSVGSKGYPKDYFRDTIAIGAFGAAL,0.26751410961151123,0,TN
comp175511_c0_seq1,XP_020697453.1,101,0,synthetic_negative,LGPQLKDEVMKIMPVQKQTRAGQRTRFKAFVVV,0.775261402130127,1,FP
comp175813_c0_seq5,YP_009472267.1,38,0,synthetic_negative,SFEEWARPGHFSRTIAKGPDTTTWIWNLHADAH,0.0645017921924591,0,TN
comp175815_c0_seq1,YP_009472290.1,418,0,synthetic_negative,YGGELNGVIYSDPATVKKYARRAQLGEIFELDR,0.998390793800354,1,FP
comp180326_c0_seq1,XP_020690280.1,29,0,synthetic_negative,VMGRTGSRGQVTQVRVKFVDDPNRLIMRNVKGP,0.9968395233154297,1,FP
